
INSERT INTO AUTH_ACTION (ID, CREATED_BY, CREATED_DATE, DELETED, MODIFIED_BY, MODIFIED_DATE, VERSION, ACTION, BASE_ACTION, CODE) VALUES (41, 'ADMIN', TO_TIMESTAMP('2023-07-04 20:37:29.850000', 'YYYY-MM-DD HH24:MI:SS.FF6'), false, 'ADMIN', TO_TIMESTAMP('2023-07-04 20:37:29.850000', 'YYYY-MM-DD HH24:MI:SS.FF6'), null, 'Descargar Detalle de Resumen', true, 'downDetailSummaryAction');
INSERT INTO AUTH_ACTION (ID, CREATED_BY, CREATED_DATE, DELETED, MODIFIED_BY, MODIFIED_DATE, VERSION, ACTION, BASE_ACTION, CODE) VALUES (21, 'ADMIN', TO_TIMESTAMP('2023-02-18 14:37:19.486000', 'YYYY-MM-DD HH24:MI:SS.FF6'), false, 'ADMIN', TO_TIMESTAMP('2023-02-18 14:37:19.486000', 'YYYY-MM-DD HH24:MI:SS.FF6'), null, 'Listar', true, 'listAction');
INSERT INTO AUTH_ACTION (ID, CREATED_BY, CREATED_DATE, DELETED, MODIFIED_BY, MODIFIED_DATE, VERSION, ACTION, BASE_ACTION, CODE) VALUES (22, 'ADMIN', TO_TIMESTAMP('2023-02-18 14:37:19.735000', 'YYYY-MM-DD HH24:MI:SS.FF6'), false, 'ADMIN', TO_TIMESTAMP('2023-02-18 14:37:19.735000', 'YYYY-MM-DD HH24:MI:SS.FF6'), null, 'Registrar', true, 'createAction');
INSERT INTO AUTH_ACTION (ID, CREATED_BY, CREATED_DATE, DELETED, MODIFIED_BY, MODIFIED_DATE, VERSION, ACTION, BASE_ACTION, CODE) VALUES (30, 'ADMIN', TO_TIMESTAMP('2023-02-18 14:37:22.035000', 'YYYY-MM-DD HH24:MI:SS.FF6'), false, 'ADMIN', TO_TIMESTAMP('2023-02-18 14:37:22.035000', 'YYYY-MM-DD HH24:MI:SS.FF6'), null, 'Descargar Certificado', true, 'downCertAction');
INSERT INTO AUTH_ACTION (ID, CREATED_BY, CREATED_DATE, DELETED, MODIFIED_BY, MODIFIED_DATE, VERSION, ACTION, BASE_ACTION, CODE) VALUES (31, 'ADMIN', TO_TIMESTAMP('2023-02-18 14:37:22.345000', 'YYYY-MM-DD HH24:MI:SS.FF6'), false, 'ADMIN', TO_TIMESTAMP('2023-02-18 14:37:22.345000', 'YYYY-MM-DD HH24:MI:SS.FF6'), null, 'Ver Mensajes', true, 'viewMessagesAction');
INSERT INTO AUTH_ACTION (ID, CREATED_BY, CREATED_DATE, DELETED, MODIFIED_BY, MODIFIED_DATE, VERSION, ACTION, BASE_ACTION, CODE) VALUES (32, 'ADMIN', TO_TIMESTAMP('2023-02-18 14:37:22.560000', 'YYYY-MM-DD HH24:MI:SS.FF6'), false, 'ADMIN', TO_TIMESTAMP('2023-02-18 14:37:22.560000', 'YYYY-MM-DD HH24:MI:SS.FF6'), null, 'Ver Log', true, 'viewLogAction');
INSERT INTO AUTH_ACTION (ID, CREATED_BY, CREATED_DATE, DELETED, MODIFIED_BY, MODIFIED_DATE, VERSION, ACTION, BASE_ACTION, CODE) VALUES (33, 'ADMIN', TO_TIMESTAMP('2023-02-18 14:37:22.781000', 'YYYY-MM-DD HH24:MI:SS.FF6'), false, 'ADMIN', TO_TIMESTAMP('2023-02-18 14:37:22.781000', 'YYYY-MM-DD HH24:MI:SS.FF6'), null, 'Pausar Job', true, 'pauseAction');
INSERT INTO AUTH_ACTION (ID, CREATED_BY, CREATED_DATE, DELETED, MODIFIED_BY, MODIFIED_DATE, VERSION, ACTION, BASE_ACTION, CODE) VALUES (34, 'ADMIN', TO_TIMESTAMP('2023-02-18 14:37:22.998000', 'YYYY-MM-DD HH24:MI:SS.FF6'), false, 'ADMIN', TO_TIMESTAMP('2023-02-18 14:37:22.998000', 'YYYY-MM-DD HH24:MI:SS.FF6'), null, 'Reiniciar Job', true, 'restartAction');
INSERT INTO AUTH_ACTION (ID, CREATED_BY, CREATED_DATE, DELETED, MODIFIED_BY, MODIFIED_DATE, VERSION, ACTION, BASE_ACTION, CODE) VALUES (35, 'ADMIN', TO_TIMESTAMP('2023-02-18 14:37:23.214000', 'YYYY-MM-DD HH24:MI:SS.FF6'), false, 'ADMIN', TO_TIMESTAMP('2023-02-18 14:37:23.214000', 'YYYY-MM-DD HH24:MI:SS.FF6'), null, 'Ejecutar Job', true, 'execNowAction');
INSERT INTO AUTH_ACTION (ID, CREATED_BY, CREATED_DATE, DELETED, MODIFIED_BY, MODIFIED_DATE, VERSION, ACTION, BASE_ACTION, CODE) VALUES (36, 'ADMIN', TO_TIMESTAMP('2023-02-18 14:37:23.431000', 'YYYY-MM-DD HH24:MI:SS.FF6'), false, 'ADMIN', TO_TIMESTAMP('2023-02-18 14:37:23.431000', 'YYYY-MM-DD HH24:MI:SS.FF6'), null, 'Ver Historial', true, 'historyAction');
INSERT INTO AUTH_ACTION (ID, CREATED_BY, CREATED_DATE, DELETED, MODIFIED_BY, MODIFIED_DATE, VERSION, ACTION, BASE_ACTION, CODE) VALUES (37, 'ADMIN', TO_TIMESTAMP('2023-02-18 14:37:23.653000', 'YYYY-MM-DD HH24:MI:SS.FF6'), false, 'ADMIN', TO_TIMESTAMP('2023-02-18 14:37:23.653000', 'YYYY-MM-DD HH24:MI:SS.FF6'), null, 'Reparar Jobs', true, 'repairAction');
INSERT INTO AUTH_ACTION (ID, CREATED_BY, CREATED_DATE, DELETED, MODIFIED_BY, MODIFIED_DATE, VERSION, ACTION, BASE_ACTION, CODE) VALUES (38, 'ADMIN', TO_TIMESTAMP('2023-02-18 14:37:24.023000', 'YYYY-MM-DD HH24:MI:SS.FF6'), false, 'ADMIN', TO_TIMESTAMP('2023-02-18 14:37:24.023000', 'YYYY-MM-DD HH24:MI:SS.FF6'), null, 'Datos Técnicos', true, 'viewTechnicalData');
INSERT INTO AUTH_ACTION (ID, CREATED_BY, CREATED_DATE, DELETED, MODIFIED_BY, MODIFIED_DATE, VERSION, ACTION, BASE_ACTION, CODE) VALUES (23, 'ADMIN', TO_TIMESTAMP('2023-02-18 14:37:19.948000', 'YYYY-MM-DD HH24:MI:SS.FF6'), false, 'ADMIN', TO_TIMESTAMP('2023-02-18 14:37:19.948000', 'YYYY-MM-DD HH24:MI:SS.FF6'), null, 'Actualizar', true, 'updateAction');
INSERT INTO AUTH_ACTION (ID, CREATED_BY, CREATED_DATE, DELETED, MODIFIED_BY, MODIFIED_DATE, VERSION, ACTION, BASE_ACTION, CODE) VALUES (24, 'ADMIN', TO_TIMESTAMP('2023-02-18 14:37:20.165000', 'YYYY-MM-DD HH24:MI:SS.FF6'), false, 'ADMIN', TO_TIMESTAMP('2023-02-18 14:37:20.165000', 'YYYY-MM-DD HH24:MI:SS.FF6'), null, 'Eliminar', true, 'deleteAction');
INSERT INTO AUTH_ACTION (ID, CREATED_BY, CREATED_DATE, DELETED, MODIFIED_BY, MODIFIED_DATE, VERSION, ACTION, BASE_ACTION, CODE) VALUES (25, 'ADMIN', TO_TIMESTAMP('2023-02-18 14:37:20.377000', 'YYYY-MM-DD HH24:MI:SS.FF6'), false, 'ADMIN', TO_TIMESTAMP('2023-02-18 14:37:20.377000', 'YYYY-MM-DD HH24:MI:SS.FF6'), null, 'Habilitar/Inhabilitar', true, 'enableDisableAction');
INSERT INTO AUTH_ACTION (ID, CREATED_BY, CREATED_DATE, DELETED, MODIFIED_BY, MODIFIED_DATE, VERSION, ACTION, BASE_ACTION, CODE) VALUES (26, 'ADMIN', TO_TIMESTAMP('2023-02-18 14:37:20.593000', 'YYYY-MM-DD HH24:MI:SS.FF6'), false, 'ADMIN', TO_TIMESTAMP('2023-02-18 14:37:20.593000', 'YYYY-MM-DD HH24:MI:SS.FF6'), null, 'Exportar a Excel', true, 'toExcelAction');
INSERT INTO AUTH_ACTION (ID, CREATED_BY, CREATED_DATE, DELETED, MODIFIED_BY, MODIFIED_DATE, VERSION, ACTION, BASE_ACTION, CODE) VALUES (27, 'ADMIN', TO_TIMESTAMP('2023-02-18 14:37:20.805000', 'YYYY-MM-DD HH24:MI:SS.FF6'), false, 'ADMIN', TO_TIMESTAMP('2023-02-18 14:37:20.805000', 'YYYY-MM-DD HH24:MI:SS.FF6'), null, 'Configurar Acciones', true, 'configAccessAction');
INSERT INTO AUTH_ACTION (ID, CREATED_BY, CREATED_DATE, DELETED, MODIFIED_BY, MODIFIED_DATE, VERSION, ACTION, BASE_ACTION, CODE) VALUES (28, 'ADMIN', TO_TIMESTAMP('2023-02-18 14:37:21.330000', 'YYYY-MM-DD HH24:MI:SS.FF6'), false, 'ADMIN', TO_TIMESTAMP('2023-02-18 14:37:21.330000', 'YYYY-MM-DD HH24:MI:SS.FF6'), null, 'Ver Certificados', true, 'viewCertAction');
INSERT INTO AUTH_ACTION (ID, CREATED_BY, CREATED_DATE, DELETED, MODIFIED_BY, MODIFIED_DATE, VERSION, ACTION, BASE_ACTION, CODE) VALUES (29, 'ADMIN', TO_TIMESTAMP('2023-02-18 14:37:21.575000', 'YYYY-MM-DD HH24:MI:SS.FF6'), false, 'ADMIN', TO_TIMESTAMP('2023-02-18 14:37:21.575000', 'YYYY-MM-DD HH24:MI:SS.FF6'), null, 'Actualizar Certificado', true, 'updateCertAction');

INSERT INTO AUTH_RESOURCE (ID, CREATED_BY, CREATED_DATE, DELETED, MODIFIED_BY, MODIFIED_DATE, VERSION, DESCRIPTION, FRONTEND_CODE, ICON, MENU_POSITION, NAME, RESOURCE_STATUS, TYPE, URL, ID_AUTH_RECURSO_PADRE) VALUES (17, 'ADMIN', TO_TIMESTAMP('2023-02-18 14:37:24.352000', 'YYYY-MM-DD HH24:MI:SS.FF6'), false, 'ADMIN', TO_TIMESTAMP('2023-02-18 14:37:24.352000', 'YYYY-MM-DD HH24:MI:SS.FF6'), null, 'Módulo de seguridad', null, 'security', 1, 'Seguridad', 'ACTIVO', 'item', 'security', null);
INSERT INTO AUTH_RESOURCE (ID, CREATED_BY, CREATED_DATE, DELETED, MODIFIED_BY, MODIFIED_DATE, VERSION, DESCRIPTION, FRONTEND_CODE, ICON, MENU_POSITION, NAME, RESOURCE_STATUS, TYPE, URL, ID_AUTH_RECURSO_PADRE) VALUES (24, 'ADMIN', TO_TIMESTAMP('2023-02-18 14:37:38.582000', 'YYYY-MM-DD HH24:MI:SS.FF6'), false, 'ADMIN', TO_TIMESTAMP('2023-07-14 23:16:06.266000', 'YYYY-MM-DD HH24:MI:SS.FF6'), null, 'Módulo de configuraciones', null, 'settings', 2, 'Configuración', 'ACTIVO', 'item', 'configuracion', null);
INSERT INTO AUTH_RESOURCE (ID, CREATED_BY, CREATED_DATE, DELETED, MODIFIED_BY, MODIFIED_DATE, VERSION, DESCRIPTION, FRONTEND_CODE, ICON, MENU_POSITION, NAME, RESOURCE_STATUS, TYPE, URL, ID_AUTH_RECURSO_PADRE) VALUES (30, 'ADMIN', TO_TIMESTAMP('2023-02-18 14:37:50.736000', 'YYYY-MM-DD HH24:MI:SS.FF6'), false, 'ADMIN', TO_TIMESTAMP('2023-07-14 23:16:20.733000', 'YYYY-MM-DD HH24:MI:SS.FF6'), null, 'Módulo de monitoreo', null, 'computer', 3, 'Monitoreo', 'ACTIVO', 'item', 'monitoreo', null);
INSERT INTO AUTH_RESOURCE (ID, CREATED_BY, CREATED_DATE, DELETED, MODIFIED_BY, MODIFIED_DATE, VERSION, DESCRIPTION, FRONTEND_CODE, ICON, MENU_POSITION, NAME, RESOURCE_STATUS, TYPE, URL, ID_AUTH_RECURSO_PADRE) VALUES (18, 'ADMIN', TO_TIMESTAMP('2023-02-18 14:37:25.333000', 'YYYY-MM-DD HH24:MI:SS.FF6'), false, 'ADMIN', TO_TIMESTAMP('2023-02-18 14:37:25.333000', 'YYYY-MM-DD HH24:MI:SS.FF6'), null, 'Interfaz para administración de roles', 'PAGE_ROLES', 'insert_link', 1, 'Roles', 'ACTIVO', 'item', 'security/roles', 17);
INSERT INTO AUTH_RESOURCE (ID, CREATED_BY, CREATED_DATE, DELETED, MODIFIED_BY, MODIFIED_DATE, VERSION, DESCRIPTION, FRONTEND_CODE, ICON, MENU_POSITION, NAME, RESOURCE_STATUS, TYPE, URL, ID_AUTH_RECURSO_PADRE) VALUES (19, 'ADMIN', TO_TIMESTAMP('2023-02-18 14:37:28.539000', 'YYYY-MM-DD HH24:MI:SS.FF6'), false, 'ADMIN', TO_TIMESTAMP('2023-02-18 14:37:28.539000', 'YYYY-MM-DD HH24:MI:SS.FF6'), null, 'Interfaz para administración de usuarios', 'PAGE_USUARIOS', 'insert_link', 2, 'Usuarios', 'ACTIVO', 'item', 'security/users', 17);
INSERT INTO AUTH_RESOURCE (ID, CREATED_BY, CREATED_DATE, DELETED, MODIFIED_BY, MODIFIED_DATE, VERSION, DESCRIPTION, FRONTEND_CODE, ICON, MENU_POSITION, NAME, RESOURCE_STATUS, TYPE, URL, ID_AUTH_RECURSO_PADRE) VALUES (20, 'ADMIN', TO_TIMESTAMP('2023-02-18 14:37:31.320000', 'YYYY-MM-DD HH24:MI:SS.FF6'), false, 'ADMIN', TO_TIMESTAMP('2023-02-18 14:37:31.320000', 'YYYY-MM-DD HH24:MI:SS.FF6'), null, 'Interfaz para administración de recursos del sistema', 'PAGE_RECURSOS', 'insert_link', 3, 'Recursos', 'ACTIVO', 'item', 'security/resources', 17);
INSERT INTO AUTH_RESOURCE (ID, CREATED_BY, CREATED_DATE, DELETED, MODIFIED_BY, MODIFIED_DATE, VERSION, DESCRIPTION, FRONTEND_CODE, ICON, MENU_POSITION, NAME, RESOURCE_STATUS, TYPE, URL, ID_AUTH_RECURSO_PADRE) VALUES (21, 'ADMIN', TO_TIMESTAMP('2023-02-18 14:37:32.583000', 'YYYY-MM-DD HH24:MI:SS.FF6'), false, 'ADMIN', TO_TIMESTAMP('2023-02-18 14:37:32.583000', 'YYYY-MM-DD HH24:MI:SS.FF6'), null, 'Interfaz para configuración de accesos a roles', 'PAGE_ACCESOS', 'insert_link', 4, 'Accesos', 'ACTIVO', 'item', 'security/access', 17);
INSERT INTO AUTH_RESOURCE (ID, CREATED_BY, CREATED_DATE, DELETED, MODIFIED_BY, MODIFIED_DATE, VERSION, DESCRIPTION, FRONTEND_CODE, ICON, MENU_POSITION, NAME, RESOURCE_STATUS, TYPE, URL, ID_AUTH_RECURSO_PADRE) VALUES (22, 'ADMIN', TO_TIMESTAMP('2023-02-18 14:37:35.145000', 'YYYY-MM-DD HH24:MI:SS.FF6'), true, 'ADMIN', TO_TIMESTAMP('2023-02-18 14:37:35.145000', 'YYYY-MM-DD HH24:MI:SS.FF6'), null, 'Interfaz para administración de logs del sistema', 'PAGE_BITACORA', 'insert_link', 6, 'Bitácora', 'ACTIVO', 'item', 'security/log', 17);
INSERT INTO AUTH_RESOURCE (ID, CREATED_BY, CREATED_DATE, DELETED, MODIFIED_BY, MODIFIED_DATE, VERSION, DESCRIPTION, FRONTEND_CODE, ICON, MENU_POSITION, NAME, RESOURCE_STATUS, TYPE, URL, ID_AUTH_RECURSO_PADRE) VALUES (23, 'ADMIN', TO_TIMESTAMP('2023-02-18 14:37:37.245000', 'YYYY-MM-DD HH24:MI:SS.FF6'), true, 'ADMIN', TO_TIMESTAMP('2023-02-18 14:37:37.245000', 'YYYY-MM-DD HH24:MI:SS.FF6'), null, 'Interfaz para administración de parametros', 'PAGE_PARAMETROS', 'insert_link', 7, 'Parámetros', 'ACTIVO', 'item', 'security/parameters', 17);
INSERT INTO AUTH_RESOURCE (ID, CREATED_BY, CREATED_DATE, DELETED, MODIFIED_BY, MODIFIED_DATE, VERSION, DESCRIPTION, FRONTEND_CODE, ICON, MENU_POSITION, NAME, RESOURCE_STATUS, TYPE, URL, ID_AUTH_RECURSO_PADRE) VALUES (25, 'ADMIN', TO_TIMESTAMP('2023-02-18 14:37:39.188000', 'YYYY-MM-DD HH24:MI:SS.FF6'), false, 'ADMIN', TO_TIMESTAMP('2023-05-29 15:52:25.499000', 'YYYY-MM-DD HH24:MI:SS.FF6'), null, 'Interfaz para administración de participantes', 'PAGE_PARTICIPANTES', 'insert_link', 3, 'Participantes', 'ACTIVO', 'item', 'configuracion/participante', 24);
INSERT INTO AUTH_RESOURCE (ID, CREATED_BY, CREATED_DATE, DELETED, MODIFIED_BY, MODIFIED_DATE, VERSION, DESCRIPTION, FRONTEND_CODE, ICON, MENU_POSITION, NAME, RESOURCE_STATUS, TYPE, URL, ID_AUTH_RECURSO_PADRE) VALUES (26, 'ADMIN', TO_TIMESTAMP('2023-02-18 14:37:41.462000', 'YYYY-MM-DD HH24:MI:SS.FF6'), true, 'ADMIN', TO_TIMESTAMP('2023-05-29 15:52:25.642000', 'YYYY-MM-DD HH24:MI:SS.FF6'), null, 'Interfaz para administración de horarios de atención', 'PAGE_HORARIO_ATENCION', 'insert_link', 4, 'Horarios de atención', 'ACTIVO', 'item', 'configuracion/horario-atencion', 24);
INSERT INTO AUTH_RESOURCE (ID, CREATED_BY, CREATED_DATE, DELETED, MODIFIED_BY, MODIFIED_DATE, VERSION, DESCRIPTION, FRONTEND_CODE, ICON, MENU_POSITION, NAME, RESOURCE_STATUS, TYPE, URL, ID_AUTH_RECURSO_PADRE) VALUES (27, 'ADMIN', TO_TIMESTAMP('2023-02-18 14:37:43.950000', 'YYYY-MM-DD HH24:MI:SS.FF6'), false, 'ADMIN', TO_TIMESTAMP('2023-05-29 15:52:25.730000', 'YYYY-MM-DD HH24:MI:SS.FF6'), null, 'Interfaz para administración de procesos', 'PAGE_JOB', 'insert_link', 5, 'Procesos', 'ACTIVO', 'item', 'configuracion/procesos', 24);
INSERT INTO AUTH_RESOURCE (ID, CREATED_BY, CREATED_DATE, DELETED, MODIFIED_BY, MODIFIED_DATE, VERSION, DESCRIPTION, FRONTEND_CODE, ICON, MENU_POSITION, NAME, RESOURCE_STATUS, TYPE, URL, ID_AUTH_RECURSO_PADRE) VALUES (28, 'ADMIN', TO_TIMESTAMP('2023-02-18 14:37:46.521000', 'YYYY-MM-DD HH24:MI:SS.FF6'), true, 'ADMIN', TO_TIMESTAMP('2023-05-29 15:52:25.804000', 'YYYY-MM-DD HH24:MI:SS.FF6'), null, 'Interfaz para administración de la contingencia de cámara', 'PAGE_CONTINGENCIA_CAMARA', 'insert_link', 6, 'Contingencia Cámara', 'ACTIVO', 'item', 'configuracion/contingencia-camara', 24);
INSERT INTO AUTH_RESOURCE (ID, CREATED_BY, CREATED_DATE, DELETED, MODIFIED_BY, MODIFIED_DATE, VERSION, DESCRIPTION, FRONTEND_CODE, ICON, MENU_POSITION, NAME, RESOURCE_STATUS, TYPE, URL, ID_AUTH_RECURSO_PADRE) VALUES (29, 'ADMIN', TO_TIMESTAMP('2023-02-18 14:37:47.992000', 'YYYY-MM-DD HH24:MI:SS.FF6'), false, 'ADMIN', TO_TIMESTAMP('2023-05-29 15:52:25.110000', 'YYYY-MM-DD HH24:MI:SS.FF6'), null, 'Interfaz para administración de los valores de dominio', 'PAGE_DOMINIO', 'insert_link', 2, 'Dominio', 'ACTIVO', 'item', 'configuracion/domain-value', 24);
INSERT INTO AUTH_RESOURCE (ID, CREATED_BY, CREATED_DATE, DELETED, MODIFIED_BY, MODIFIED_DATE, VERSION, DESCRIPTION, FRONTEND_CODE, ICON, MENU_POSITION, NAME, RESOURCE_STATUS, TYPE, URL, ID_AUTH_RECURSO_PADRE) VALUES (31, 'ADMIN', TO_TIMESTAMP('2023-02-18 14:37:51.357000', 'YYYY-MM-DD HH24:MI:SS.FF6'), false, 'ADMIN', TO_TIMESTAMP('2023-02-18 14:37:51.357000', 'YYYY-MM-DD HH24:MI:SS.FF6'), null, 'Interfaz para administración de ordenes', 'PAGE_ORDENES', 'insert_link', 1, 'Ordenes', 'ACTIVO', 'item', 'monitoreo/ordenes', 30);
INSERT INTO AUTH_RESOURCE (ID, CREATED_BY, CREATED_DATE, DELETED, MODIFIED_BY, MODIFIED_DATE, VERSION, DESCRIPTION, FRONTEND_CODE, ICON, MENU_POSITION, NAME, RESOURCE_STATUS, TYPE, URL, ID_AUTH_RECURSO_PADRE) VALUES (32, 'ADMIN', TO_TIMESTAMP('2023-02-18 14:37:52.609000', 'YYYY-MM-DD HH24:MI:SS.FF6'), false, 'ADMIN', TO_TIMESTAMP('2023-02-18 14:37:52.609000', 'YYYY-MM-DD HH24:MI:SS.FF6'), null, 'Interfaz para administración de mensaje', 'PAGE_MENSAJES', 'insert_link', 2, 'Mensaje', 'ACTIVO', 'item', 'monitoreo/mensajes', 30);
INSERT INTO AUTH_RESOURCE (ID, CREATED_BY, CREATED_DATE, DELETED, MODIFIED_BY, MODIFIED_DATE, VERSION, DESCRIPTION, FRONTEND_CODE, ICON, MENU_POSITION, NAME, RESOURCE_STATUS, TYPE, URL, ID_AUTH_RECURSO_PADRE) VALUES (41, 'ADMIN', TO_TIMESTAMP('2023-05-12 16:06:16.592000', 'YYYY-MM-DD HH24:MI:SS.FF6'), false, 'ADMIN', TO_TIMESTAMP('2023-05-12 16:06:16.592000', 'YYYY-MM-DD HH24:MI:SS.FF6'), null, 'Interfaz para administración de parametros', 'PAGE_PARAMETROS', 'insert_link', 1, 'Parámetros', 'ACTIVO', 'item', 'configuracion/parameters', 24);
INSERT INTO AUTH_RESOURCE (ID, CREATED_BY, CREATED_DATE, DELETED, MODIFIED_BY, MODIFIED_DATE, VERSION, DESCRIPTION, FRONTEND_CODE, ICON, MENU_POSITION, NAME, RESOURCE_STATUS, TYPE, URL, ID_AUTH_RECURSO_PADRE) VALUES (42, 'ADMIN', TO_TIMESTAMP('2023-05-12 16:06:17.933000', 'YYYY-MM-DD HH24:MI:SS.FF6'), false, 'ADMIN', TO_TIMESTAMP('2023-05-12 16:06:17.933000', 'YYYY-MM-DD HH24:MI:SS.FF6'), null, 'Interfaz para administración de logs del sistema', 'PAGE_BITACORA', 'insert_link', 3, 'Bitácora', 'ACTIVO', 'item', 'monitoreo/log', 30);
INSERT INTO AUTH_RESOURCE (ID, CREATED_BY, CREATED_DATE, DELETED, MODIFIED_BY, MODIFIED_DATE, VERSION, DESCRIPTION, FRONTEND_CODE, ICON, MENU_POSITION, NAME, RESOURCE_STATUS, TYPE, URL, ID_AUTH_RECURSO_PADRE) VALUES (61, 'ADMIN', TO_TIMESTAMP('2023-06-27 20:02:33.011000', 'YYYY-MM-DD HH24:MI:SS.FF6'), false, 'ADMIN', TO_TIMESTAMP('2023-06-27 20:02:33.011000', 'YYYY-MM-DD HH24:MI:SS.FF6'), null, 'Resumen Diario de Operaciones', 'RESUMEN_DIARIO', 'insert_link', 4, 'Resumen Diario', 'ACTIVO', 'item', 'monitoreo/resumen-diario', 30);

INSERT INTO AUTH_ROLE (ID, CREATED_BY, CREATED_DATE, DELETED, MODIFIED_BY, MODIFIED_DATE, VERSION, BASE_ROLE, DESCRIPTION, NAME, ROLE_STATUS) VALUES (41, 'ADMIN', TO_TIMESTAMP('2023-07-12 17:56:49.460000', 'YYYY-MM-DD HH24:MI:SS.FF6'), false, 'ADMIN', TO_TIMESTAMP('2023-07-12 17:56:49.460000', 'YYYY-MM-DD HH24:MI:SS.FF6'), null, true, 'Rol para usuario para seguridad', 'ROLE_SECURITY', 'ACTIVO');
INSERT INTO AUTH_ROLE (ID, CREATED_BY, CREATED_DATE, DELETED, MODIFIED_BY, MODIFIED_DATE, VERSION, BASE_ROLE, DESCRIPTION, NAME, ROLE_STATUS) VALUES (42, 'ADMIN', TO_TIMESTAMP('2023-07-12 17:56:49.660000', 'YYYY-MM-DD HH24:MI:SS.FF6'), false, 'ADMIN', TO_TIMESTAMP('2023-07-12 17:56:49.660000', 'YYYY-MM-DD HH24:MI:SS.FF6'), null, true, 'Rol para usuario de configuracion', 'ROLE_CONFIG', 'ACTIVO');
INSERT INTO AUTH_ROLE (ID, CREATED_BY, CREATED_DATE, DELETED, MODIFIED_BY, MODIFIED_DATE, VERSION, BASE_ROLE, DESCRIPTION, NAME, ROLE_STATUS) VALUES (21, 'ADMIN', TO_TIMESTAMP('2023-02-18 14:36:59.830000', 'YYYY-MM-DD HH24:MI:SS.FF6'), false, 'ADMIN', TO_TIMESTAMP('2023-02-18 14:36:59.830000', 'YYYY-MM-DD HH24:MI:SS.FF6'), null, true, 'Rol para usuarios de mantenimiento', 'ROLE_ROOT', 'ACTIVO');
INSERT INTO AUTH_ROLE (ID, CREATED_BY, CREATED_DATE, DELETED, MODIFIED_BY, MODIFIED_DATE, VERSION, BASE_ROLE, DESCRIPTION, NAME, ROLE_STATUS) VALUES (22, 'ADMIN', TO_TIMESTAMP('2023-02-18 14:37:00.315000', 'YYYY-MM-DD HH24:MI:SS.FF6'), false, 'ADMIN', TO_TIMESTAMP('2023-02-18 14:37:00.315000', 'YYYY-MM-DD HH24:MI:SS.FF6'), null, true, 'Rol para usuario de monitoreo', 'ROLE_MONITOR', 'ACTIVO');
INSERT INTO AUTH_ROLE (ID, CREATED_BY, CREATED_DATE, DELETED, MODIFIED_BY, MODIFIED_DATE, VERSION, BASE_ROLE, DESCRIPTION, NAME, ROLE_STATUS) VALUES (23, 'ADMIN', TO_TIMESTAMP('2023-02-18 14:37:00.509000', 'YYYY-MM-DD HH24:MI:SS.FF6'), true, 'ADMIN', TO_TIMESTAMP('2023-02-18 14:37:00.509000', 'YYYY-MM-DD HH24:MI:SS.FF6'), null, true, 'Rol para usuario para administración', 'ROLE_ADMIN', 'ACTIVO');

INSERT INTO AUTH_USER (ID, CREATED_BY, CREATED_DATE, DELETED, MODIFIED_BY, MODIFIED_DATE, VERSION, EMAIL, GENERATED_PASSWORD, LASTNAME, NAME, PASSWORD, USER_STATUS, USERNAME, ID_AUTH_ROLE) VALUES (21, 'ADMIN', TO_TIMESTAMP('2023-02-18 14:37:00.972000', 'YYYY-MM-DD HH24:MI:SS.FF6'), false, 'ADMIN', TO_TIMESTAMP('2023-02-18 14:37:00.972000', 'YYYY-MM-DD HH24:MI:SS.FF6'), null, 'soporte@mc4.com.bo', false, 'admin', 'admin', '$2a$10$GsVVuWxHnbxDaY8zYRwnmuEQ/uBfzq2ICvWhGLs5dPWhPtywPjOVO', 'ACTIVO', 'admin', 21);

INSERT INTO AUTH_RESOURCE_ACTION (ID, CREATED_BY, CREATED_DATE, DELETED, MODIFIED_BY, MODIFIED_DATE, VERSION, ID_AUTH_ACTION, ID_AUTH_RESOURCE) VALUES (161, 'ADMIN', TO_TIMESTAMP('2023-06-27 20:02:35.086000', 'YYYY-MM-DD HH24:MI:SS.FF6'), false, 'ADMIN', TO_TIMESTAMP('2023-06-27 20:02:35.086000', 'YYYY-MM-DD HH24:MI:SS.FF6'), null, 21, 61);
INSERT INTO AUTH_RESOURCE_ACTION (ID, CREATED_BY, CREATED_DATE, DELETED, MODIFIED_BY, MODIFIED_DATE, VERSION, ID_AUTH_ACTION, ID_AUTH_RESOURCE) VALUES (121, 'ADMIN', TO_TIMESTAMP('2023-05-12 16:06:17.190000', 'YYYY-MM-DD HH24:MI:SS.FF6'), false, 'ADMIN', TO_TIMESTAMP('2023-05-12 16:06:17.190000', 'YYYY-MM-DD HH24:MI:SS.FF6'), null, 21, 41);
INSERT INTO AUTH_RESOURCE_ACTION (ID, CREATED_BY, CREATED_DATE, DELETED, MODIFIED_BY, MODIFIED_DATE, VERSION, ID_AUTH_ACTION, ID_AUTH_RESOURCE) VALUES (123, 'ADMIN', TO_TIMESTAMP('2023-05-12 16:06:18.131000', 'YYYY-MM-DD HH24:MI:SS.FF6'), false, 'ADMIN', TO_TIMESTAMP('2023-05-12 16:06:18.131000', 'YYYY-MM-DD HH24:MI:SS.FF6'), null, 21, 42);
INSERT INTO AUTH_RESOURCE_ACTION (ID, CREATED_BY, CREATED_DATE, DELETED, MODIFIED_BY, MODIFIED_DATE, VERSION, ID_AUTH_ACTION, ID_AUTH_RESOURCE) VALUES (124, 'ADMIN', TO_TIMESTAMP('2023-05-12 16:06:18.183000', 'YYYY-MM-DD HH24:MI:SS.FF6'), false, 'ADMIN', TO_TIMESTAMP('2023-05-12 16:06:18.183000', 'YYYY-MM-DD HH24:MI:SS.FF6'), null, 32, 42);
INSERT INTO AUTH_RESOURCE_ACTION (ID, CREATED_BY, CREATED_DATE, DELETED, MODIFIED_BY, MODIFIED_DATE, VERSION, ID_AUTH_ACTION, ID_AUTH_RESOURCE) VALUES (141, 'ADMIN', TO_TIMESTAMP('2023-05-24 18:23:56.690000', 'YYYY-MM-DD HH24:MI:SS.FF6'), false, 'ADMIN', TO_TIMESTAMP('2023-05-24 18:23:56.690000', 'YYYY-MM-DD HH24:MI:SS.FF6'), null, 21, 22);
INSERT INTO AUTH_RESOURCE_ACTION (ID, CREATED_BY, CREATED_DATE, DELETED, MODIFIED_BY, MODIFIED_DATE, VERSION, ID_AUTH_ACTION, ID_AUTH_RESOURCE) VALUES (143, 'ADMIN', TO_TIMESTAMP('2023-05-24 18:23:58.453000', 'YYYY-MM-DD HH24:MI:SS.FF6'), false, 'ADMIN', TO_TIMESTAMP('2023-05-24 18:23:58.453000', 'YYYY-MM-DD HH24:MI:SS.FF6'), null, 21, 23);
INSERT INTO AUTH_RESOURCE_ACTION (ID, CREATED_BY, CREATED_DATE, DELETED, MODIFIED_BY, MODIFIED_DATE, VERSION, ID_AUTH_ACTION, ID_AUTH_RESOURCE) VALUES (144, 'ADMIN', TO_TIMESTAMP('2023-05-24 18:23:59.110000', 'YYYY-MM-DD HH24:MI:SS.FF6'), false, 'ADMIN', TO_TIMESTAMP('2023-05-24 18:23:59.110000', 'YYYY-MM-DD HH24:MI:SS.FF6'), null, 23, 23);
INSERT INTO AUTH_RESOURCE_ACTION (ID, CREATED_BY, CREATED_DATE, DELETED, MODIFIED_BY, MODIFIED_DATE, VERSION, ID_AUTH_ACTION, ID_AUTH_RESOURCE) VALUES (122, 'ADMIN', TO_TIMESTAMP('2023-05-12 16:06:17.240000', 'YYYY-MM-DD HH24:MI:SS.FF6'), false, 'ADMIN', TO_TIMESTAMP('2023-05-12 16:06:17.240000', 'YYYY-MM-DD HH24:MI:SS.FF6'), null, 23, 41);
INSERT INTO AUTH_RESOURCE_ACTION (ID, CREATED_BY, CREATED_DATE, DELETED, MODIFIED_BY, MODIFIED_DATE, VERSION, ID_AUTH_ACTION, ID_AUTH_RESOURCE) VALUES (181, 'ADMIN', TO_TIMESTAMP('2023-07-04 20:37:31.011000', 'YYYY-MM-DD HH24:MI:SS.FF6'), false, 'ADMIN', TO_TIMESTAMP('2023-07-04 20:37:31.011000', 'YYYY-MM-DD HH24:MI:SS.FF6'), null, 41, 61);
INSERT INTO AUTH_RESOURCE_ACTION (ID, CREATED_BY, CREATED_DATE, DELETED, MODIFIED_BY, MODIFIED_DATE, VERSION, ID_AUTH_ACTION, ID_AUTH_RESOURCE) VALUES (55, 'ADMIN', TO_TIMESTAMP('2023-02-18 14:37:27.567000', 'YYYY-MM-DD HH24:MI:SS.FF6'), false, 'ADMIN', TO_TIMESTAMP('2023-02-18 14:37:27.567000', 'YYYY-MM-DD HH24:MI:SS.FF6'), null, 23, 18);
INSERT INTO AUTH_RESOURCE_ACTION (ID, CREATED_BY, CREATED_DATE, DELETED, MODIFIED_BY, MODIFIED_DATE, VERSION, ID_AUTH_ACTION, ID_AUTH_RESOURCE) VALUES (56, 'ADMIN', TO_TIMESTAMP('2023-02-18 14:37:27.853000', 'YYYY-MM-DD HH24:MI:SS.FF6'), false, 'ADMIN', TO_TIMESTAMP('2023-02-18 14:37:27.853000', 'YYYY-MM-DD HH24:MI:SS.FF6'), null, 24, 18);
INSERT INTO AUTH_RESOURCE_ACTION (ID, CREATED_BY, CREATED_DATE, DELETED, MODIFIED_BY, MODIFIED_DATE, VERSION, ID_AUTH_ACTION, ID_AUTH_RESOURCE) VALUES (63, 'ADMIN', TO_TIMESTAMP('2023-02-18 14:37:32.076000', 'YYYY-MM-DD HH24:MI:SS.FF6'), false, 'ADMIN', TO_TIMESTAMP('2023-02-18 14:37:32.076000', 'YYYY-MM-DD HH24:MI:SS.FF6'), null, 21, 20);
INSERT INTO AUTH_RESOURCE_ACTION (ID, CREATED_BY, CREATED_DATE, DELETED, MODIFIED_BY, MODIFIED_DATE, VERSION, ID_AUTH_ACTION, ID_AUTH_RESOURCE) VALUES (64, 'ADMIN', TO_TIMESTAMP('2023-02-18 14:37:32.351000', 'YYYY-MM-DD HH24:MI:SS.FF6'), false, 'ADMIN', TO_TIMESTAMP('2023-02-18 14:37:32.351000', 'YYYY-MM-DD HH24:MI:SS.FF6'), null, 23, 20);
INSERT INTO AUTH_RESOURCE_ACTION (ID, CREATED_BY, CREATED_DATE, DELETED, MODIFIED_BY, MODIFIED_DATE, VERSION, ID_AUTH_ACTION, ID_AUTH_RESOURCE) VALUES (65, 'ADMIN', TO_TIMESTAMP('2023-02-18 14:37:34.350000', 'YYYY-MM-DD HH24:MI:SS.FF6'), false, 'ADMIN', TO_TIMESTAMP('2023-02-18 14:37:34.350000', 'YYYY-MM-DD HH24:MI:SS.FF6'), null, 21, 21);
INSERT INTO AUTH_RESOURCE_ACTION (ID, CREATED_BY, CREATED_DATE, DELETED, MODIFIED_BY, MODIFIED_DATE, VERSION, ID_AUTH_ACTION, ID_AUTH_RESOURCE) VALUES (66, 'ADMIN', TO_TIMESTAMP('2023-02-18 14:37:34.622000', 'YYYY-MM-DD HH24:MI:SS.FF6'), false, 'ADMIN', TO_TIMESTAMP('2023-02-18 14:37:34.622000', 'YYYY-MM-DD HH24:MI:SS.FF6'), null, 27, 21);
INSERT INTO AUTH_RESOURCE_ACTION (ID, CREATED_BY, CREATED_DATE, DELETED, MODIFIED_BY, MODIFIED_DATE, VERSION, ID_AUTH_ACTION, ID_AUTH_RESOURCE) VALUES (72, 'ADMIN', TO_TIMESTAMP('2023-02-18 14:37:40.644000', 'YYYY-MM-DD HH24:MI:SS.FF6'), false, 'ADMIN', TO_TIMESTAMP('2023-02-18 14:37:40.644000', 'YYYY-MM-DD HH24:MI:SS.FF6'), null, 22, 25);
INSERT INTO AUTH_RESOURCE_ACTION (ID, CREATED_BY, CREATED_DATE, DELETED, MODIFIED_BY, MODIFIED_DATE, VERSION, ID_AUTH_ACTION, ID_AUTH_RESOURCE) VALUES (73, 'ADMIN', TO_TIMESTAMP('2023-02-18 14:37:40.924000', 'YYYY-MM-DD HH24:MI:SS.FF6'), false, 'ADMIN', TO_TIMESTAMP('2023-02-18 14:37:40.924000', 'YYYY-MM-DD HH24:MI:SS.FF6'), null, 23, 25);
INSERT INTO AUTH_RESOURCE_ACTION (ID, CREATED_BY, CREATED_DATE, DELETED, MODIFIED_BY, MODIFIED_DATE, VERSION, ID_AUTH_ACTION, ID_AUTH_RESOURCE) VALUES (74, 'ADMIN', TO_TIMESTAMP('2023-02-18 14:37:41.208000', 'YYYY-MM-DD HH24:MI:SS.FF6'), false, 'ADMIN', TO_TIMESTAMP('2023-02-18 14:37:41.208000', 'YYYY-MM-DD HH24:MI:SS.FF6'), null, 28, 25);
INSERT INTO AUTH_RESOURCE_ACTION (ID, CREATED_BY, CREATED_DATE, DELETED, MODIFIED_BY, MODIFIED_DATE, VERSION, ID_AUTH_ACTION, ID_AUTH_RESOURCE) VALUES (75, 'ADMIN', TO_TIMESTAMP('2023-02-18 14:37:42.440000', 'YYYY-MM-DD HH24:MI:SS.FF6'), false, 'ADMIN', TO_TIMESTAMP('2023-02-18 14:37:42.440000', 'YYYY-MM-DD HH24:MI:SS.FF6'), null, 21, 26);
INSERT INTO AUTH_RESOURCE_ACTION (ID, CREATED_BY, CREATED_DATE, DELETED, MODIFIED_BY, MODIFIED_DATE, VERSION, ID_AUTH_ACTION, ID_AUTH_RESOURCE) VALUES (76, 'ADMIN', TO_TIMESTAMP('2023-02-18 14:37:42.715000', 'YYYY-MM-DD HH24:MI:SS.FF6'), false, 'ADMIN', TO_TIMESTAMP('2023-02-18 14:37:42.715000', 'YYYY-MM-DD HH24:MI:SS.FF6'), null, 22, 26);
INSERT INTO AUTH_RESOURCE_ACTION (ID, CREATED_BY, CREATED_DATE, DELETED, MODIFIED_BY, MODIFIED_DATE, VERSION, ID_AUTH_ACTION, ID_AUTH_RESOURCE) VALUES (77, 'ADMIN', TO_TIMESTAMP('2023-02-18 14:37:43.196000', 'YYYY-MM-DD HH24:MI:SS.FF6'), false, 'ADMIN', TO_TIMESTAMP('2023-02-18 14:37:43.196000', 'YYYY-MM-DD HH24:MI:SS.FF6'), null, 23, 26);
INSERT INTO AUTH_RESOURCE_ACTION (ID, CREATED_BY, CREATED_DATE, DELETED, MODIFIED_BY, MODIFIED_DATE, VERSION, ID_AUTH_ACTION, ID_AUTH_RESOURCE) VALUES (78, 'ADMIN', TO_TIMESTAMP('2023-02-18 14:37:43.720000', 'YYYY-MM-DD HH24:MI:SS.FF6'), false, 'ADMIN', TO_TIMESTAMP('2023-02-18 14:37:43.720000', 'YYYY-MM-DD HH24:MI:SS.FF6'), null, 25, 26);
INSERT INTO AUTH_RESOURCE_ACTION (ID, CREATED_BY, CREATED_DATE, DELETED, MODIFIED_BY, MODIFIED_DATE, VERSION, ID_AUTH_ACTION, ID_AUTH_RESOURCE) VALUES (79, 'ADMIN', TO_TIMESTAMP('2023-02-18 14:37:44.614000', 'YYYY-MM-DD HH24:MI:SS.FF6'), false, 'ADMIN', TO_TIMESTAMP('2023-02-18 14:37:44.614000', 'YYYY-MM-DD HH24:MI:SS.FF6'), null, 21, 27);
INSERT INTO AUTH_RESOURCE_ACTION (ID, CREATED_BY, CREATED_DATE, DELETED, MODIFIED_BY, MODIFIED_DATE, VERSION, ID_AUTH_ACTION, ID_AUTH_RESOURCE) VALUES (80, 'ADMIN', TO_TIMESTAMP('2023-02-18 14:37:45.037000', 'YYYY-MM-DD HH24:MI:SS.FF6'), false, 'ADMIN', TO_TIMESTAMP('2023-02-18 14:37:45.037000', 'YYYY-MM-DD HH24:MI:SS.FF6'), null, 33, 27);
INSERT INTO AUTH_RESOURCE_ACTION (ID, CREATED_BY, CREATED_DATE, DELETED, MODIFIED_BY, MODIFIED_DATE, VERSION, ID_AUTH_ACTION, ID_AUTH_RESOURCE) VALUES (83, 'ADMIN', TO_TIMESTAMP('2023-02-18 14:37:46.034000', 'YYYY-MM-DD HH24:MI:SS.FF6'), false, 'ADMIN', TO_TIMESTAMP('2023-02-18 14:37:46.034000', 'YYYY-MM-DD HH24:MI:SS.FF6'), null, 36, 27);
INSERT INTO AUTH_RESOURCE_ACTION (ID, CREATED_BY, CREATED_DATE, DELETED, MODIFIED_BY, MODIFIED_DATE, VERSION, ID_AUTH_ACTION, ID_AUTH_RESOURCE) VALUES (84, 'ADMIN', TO_TIMESTAMP('2023-02-18 14:37:46.305000', 'YYYY-MM-DD HH24:MI:SS.FF6'), false, 'ADMIN', TO_TIMESTAMP('2023-02-18 14:37:46.305000', 'YYYY-MM-DD HH24:MI:SS.FF6'), null, 37, 27);
INSERT INTO AUTH_RESOURCE_ACTION (ID, CREATED_BY, CREATED_DATE, DELETED, MODIFIED_BY, MODIFIED_DATE, VERSION, ID_AUTH_ACTION, ID_AUTH_RESOURCE) VALUES (86, 'ADMIN', TO_TIMESTAMP('2023-02-18 14:37:47.511000', 'YYYY-MM-DD HH24:MI:SS.FF6'), false, 'ADMIN', TO_TIMESTAMP('2023-02-18 14:37:47.511000', 'YYYY-MM-DD HH24:MI:SS.FF6'), null, 22, 28);
INSERT INTO AUTH_RESOURCE_ACTION (ID, CREATED_BY, CREATED_DATE, DELETED, MODIFIED_BY, MODIFIED_DATE, VERSION, ID_AUTH_ACTION, ID_AUTH_RESOURCE) VALUES (87, 'ADMIN', TO_TIMESTAMP('2023-02-18 14:37:47.776000', 'YYYY-MM-DD HH24:MI:SS.FF6'), false, 'ADMIN', TO_TIMESTAMP('2023-02-18 14:37:47.776000', 'YYYY-MM-DD HH24:MI:SS.FF6'), null, 25, 28);
INSERT INTO AUTH_RESOURCE_ACTION (ID, CREATED_BY, CREATED_DATE, DELETED, MODIFIED_BY, MODIFIED_DATE, VERSION, ID_AUTH_ACTION, ID_AUTH_RESOURCE) VALUES (88, 'ADMIN', TO_TIMESTAMP('2023-02-18 14:37:49.037000', 'YYYY-MM-DD HH24:MI:SS.FF6'), false, 'ADMIN', TO_TIMESTAMP('2023-02-18 14:37:49.037000', 'YYYY-MM-DD HH24:MI:SS.FF6'), null, 21, 29);
INSERT INTO AUTH_RESOURCE_ACTION (ID, CREATED_BY, CREATED_DATE, DELETED, MODIFIED_BY, MODIFIED_DATE, VERSION, ID_AUTH_ACTION, ID_AUTH_RESOURCE) VALUES (89, 'ADMIN', TO_TIMESTAMP('2023-02-18 14:37:49.303000', 'YYYY-MM-DD HH24:MI:SS.FF6'), false, 'ADMIN', TO_TIMESTAMP('2023-02-18 14:37:49.303000', 'YYYY-MM-DD HH24:MI:SS.FF6'), null, 22, 29);
INSERT INTO AUTH_RESOURCE_ACTION (ID, CREATED_BY, CREATED_DATE, DELETED, MODIFIED_BY, MODIFIED_DATE, VERSION, ID_AUTH_ACTION, ID_AUTH_RESOURCE) VALUES (90, 'ADMIN', TO_TIMESTAMP('2023-02-18 14:37:49.754000', 'YYYY-MM-DD HH24:MI:SS.FF6'), false, 'ADMIN', TO_TIMESTAMP('2023-02-18 14:37:49.754000', 'YYYY-MM-DD HH24:MI:SS.FF6'), null, 26, 29);
INSERT INTO AUTH_RESOURCE_ACTION (ID, CREATED_BY, CREATED_DATE, DELETED, MODIFIED_BY, MODIFIED_DATE, VERSION, ID_AUTH_ACTION, ID_AUTH_RESOURCE) VALUES (93, 'ADMIN', TO_TIMESTAMP('2023-02-18 14:37:52.026000', 'YYYY-MM-DD HH24:MI:SS.FF6'), false, 'ADMIN', TO_TIMESTAMP('2023-02-18 14:37:52.026000', 'YYYY-MM-DD HH24:MI:SS.FF6'), null, 21, 31);
INSERT INTO AUTH_RESOURCE_ACTION (ID, CREATED_BY, CREATED_DATE, DELETED, MODIFIED_BY, MODIFIED_DATE, VERSION, ID_AUTH_ACTION, ID_AUTH_RESOURCE) VALUES (94, 'ADMIN', TO_TIMESTAMP('2023-02-18 14:37:52.336000', 'YYYY-MM-DD HH24:MI:SS.FF6'), false, 'ADMIN', TO_TIMESTAMP('2023-02-18 14:37:52.336000', 'YYYY-MM-DD HH24:MI:SS.FF6'), null, 31, 31);
INSERT INTO AUTH_RESOURCE_ACTION (ID, CREATED_BY, CREATED_DATE, DELETED, MODIFIED_BY, MODIFIED_DATE, VERSION, ID_AUTH_ACTION, ID_AUTH_RESOURCE) VALUES (95, 'ADMIN', TO_TIMESTAMP('2023-02-18 14:37:53.381000', 'YYYY-MM-DD HH24:MI:SS.FF6'), false, 'ADMIN', TO_TIMESTAMP('2023-02-18 14:37:53.381000', 'YYYY-MM-DD HH24:MI:SS.FF6'), null, 21, 32);
INSERT INTO AUTH_RESOURCE_ACTION (ID, CREATED_BY, CREATED_DATE, DELETED, MODIFIED_BY, MODIFIED_DATE, VERSION, ID_AUTH_ACTION, ID_AUTH_RESOURCE) VALUES (142, 'ADMIN', TO_TIMESTAMP('2023-05-24 18:23:57.496000', 'YYYY-MM-DD HH24:MI:SS.FF6'), false, 'ADMIN', TO_TIMESTAMP('2023-05-24 18:23:57.496000', 'YYYY-MM-DD HH24:MI:SS.FF6'), null, 32, 22);
INSERT INTO AUTH_RESOURCE_ACTION (ID, CREATED_BY, CREATED_DATE, DELETED, MODIFIED_BY, MODIFIED_DATE, VERSION, ID_AUTH_ACTION, ID_AUTH_RESOURCE) VALUES (201, 'ADMIN', TO_TIMESTAMP('2023-07-14 21:53:40.533000', 'YYYY-MM-DD HH24:MI:SS.FF6'), false, 'ADMIN', TO_TIMESTAMP('2023-07-14 21:53:40.533000', 'YYYY-MM-DD HH24:MI:SS.FF6'), null, 32, 61);
INSERT INTO AUTH_RESOURCE_ACTION (ID, CREATED_BY, CREATED_DATE, DELETED, MODIFIED_BY, MODIFIED_DATE, VERSION, ID_AUTH_ACTION, ID_AUTH_RESOURCE) VALUES (57, 'ADMIN', TO_TIMESTAMP('2023-02-18 14:37:28.132000', 'YYYY-MM-DD HH24:MI:SS.FF6'), false, 'ADMIN', TO_TIMESTAMP('2023-02-18 14:37:28.132000', 'YYYY-MM-DD HH24:MI:SS.FF6'), null, 25, 18);
INSERT INTO AUTH_RESOURCE_ACTION (ID, CREATED_BY, CREATED_DATE, DELETED, MODIFIED_BY, MODIFIED_DATE, VERSION, ID_AUTH_ACTION, ID_AUTH_RESOURCE) VALUES (85, 'ADMIN', TO_TIMESTAMP('2023-02-18 14:37:47.238000', 'YYYY-MM-DD HH24:MI:SS.FF6'), false, 'ADMIN', TO_TIMESTAMP('2023-02-18 14:37:47.238000', 'YYYY-MM-DD HH24:MI:SS.FF6'), null, 21, 28);
INSERT INTO AUTH_RESOURCE_ACTION (ID, CREATED_BY, CREATED_DATE, DELETED, MODIFIED_BY, MODIFIED_DATE, VERSION, ID_AUTH_ACTION, ID_AUTH_RESOURCE) VALUES (101, 'ADMIN', TO_TIMESTAMP('2023-02-22 16:16:45.764000', 'YYYY-MM-DD HH24:MI:SS.FF6'), false, 'ADMIN', TO_TIMESTAMP('2023-02-22 16:16:45.764000', 'YYYY-MM-DD HH24:MI:SS.FF6'), null, 26, 18);
INSERT INTO AUTH_RESOURCE_ACTION (ID, CREATED_BY, CREATED_DATE, DELETED, MODIFIED_BY, MODIFIED_DATE, VERSION, ID_AUTH_ACTION, ID_AUTH_RESOURCE) VALUES (102, 'ADMIN', TO_TIMESTAMP('2023-02-22 16:16:46.430000', 'YYYY-MM-DD HH24:MI:SS.FF6'), false, 'ADMIN', TO_TIMESTAMP('2023-02-22 16:16:46.430000', 'YYYY-MM-DD HH24:MI:SS.FF6'), null, 26, 19);
INSERT INTO AUTH_RESOURCE_ACTION (ID, CREATED_BY, CREATED_DATE, DELETED, MODIFIED_BY, MODIFIED_DATE, VERSION, ID_AUTH_ACTION, ID_AUTH_RESOURCE) VALUES (103, 'ADMIN', TO_TIMESTAMP('2023-02-22 16:16:46.841000', 'YYYY-MM-DD HH24:MI:SS.FF6'), false, 'ADMIN', TO_TIMESTAMP('2023-02-22 16:16:46.841000', 'YYYY-MM-DD HH24:MI:SS.FF6'), null, 26, 42);
INSERT INTO AUTH_RESOURCE_ACTION (ID, CREATED_BY, CREATED_DATE, DELETED, MODIFIED_BY, MODIFIED_DATE, VERSION, ID_AUTH_ACTION, ID_AUTH_RESOURCE) VALUES (104, 'ADMIN', TO_TIMESTAMP('2023-02-22 16:16:47.000000', 'YYYY-MM-DD HH24:MI:SS.FF6'), false, 'ADMIN', TO_TIMESTAMP('2023-02-22 16:16:47.000000', 'YYYY-MM-DD HH24:MI:SS.FF6'), null, 26, 41);
INSERT INTO AUTH_RESOURCE_ACTION (ID, CREATED_BY, CREATED_DATE, DELETED, MODIFIED_BY, MODIFIED_DATE, VERSION, ID_AUTH_ACTION, ID_AUTH_RESOURCE) VALUES (105, 'ADMIN', TO_TIMESTAMP('2023-02-22 16:16:47.261000', 'YYYY-MM-DD HH24:MI:SS.FF6'), false, 'ADMIN', TO_TIMESTAMP('2023-02-22 16:16:47.261000', 'YYYY-MM-DD HH24:MI:SS.FF6'), null, 30, 25);
INSERT INTO AUTH_RESOURCE_ACTION (ID, CREATED_BY, CREATED_DATE, DELETED, MODIFIED_BY, MODIFIED_DATE, VERSION, ID_AUTH_ACTION, ID_AUTH_RESOURCE) VALUES (106, 'ADMIN', TO_TIMESTAMP('2023-02-22 16:16:48.131000', 'YYYY-MM-DD HH24:MI:SS.FF6'), false, 'ADMIN', TO_TIMESTAMP('2023-02-22 16:16:48.131000', 'YYYY-MM-DD HH24:MI:SS.FF6'), null, 26, 26);
INSERT INTO AUTH_RESOURCE_ACTION (ID, CREATED_BY, CREATED_DATE, DELETED, MODIFIED_BY, MODIFIED_DATE, VERSION, ID_AUTH_ACTION, ID_AUTH_RESOURCE) VALUES (107, 'ADMIN', TO_TIMESTAMP('2023-02-22 16:16:48.822000', 'YYYY-MM-DD HH24:MI:SS.FF6'), false, 'ADMIN', TO_TIMESTAMP('2023-02-22 16:16:48.822000', 'YYYY-MM-DD HH24:MI:SS.FF6'), null, 26, 28);
INSERT INTO AUTH_RESOURCE_ACTION (ID, CREATED_BY, CREATED_DATE, DELETED, MODIFIED_BY, MODIFIED_DATE, VERSION, ID_AUTH_ACTION, ID_AUTH_RESOURCE) VALUES (108, 'ADMIN', TO_TIMESTAMP('2023-02-22 16:16:49.001000', 'YYYY-MM-DD HH24:MI:SS.FF6'), false, 'ADMIN', TO_TIMESTAMP('2023-02-22 16:16:49.001000', 'YYYY-MM-DD HH24:MI:SS.FF6'), null, 26, 31);
INSERT INTO AUTH_RESOURCE_ACTION (ID, CREATED_BY, CREATED_DATE, DELETED, MODIFIED_BY, MODIFIED_DATE, VERSION, ID_AUTH_ACTION, ID_AUTH_RESOURCE) VALUES (109, 'ADMIN', TO_TIMESTAMP('2023-02-22 16:16:49.323000', 'YYYY-MM-DD HH24:MI:SS.FF6'), false, 'ADMIN', TO_TIMESTAMP('2023-02-22 16:16:49.323000', 'YYYY-MM-DD HH24:MI:SS.FF6'), null, 26, 32);
INSERT INTO AUTH_RESOURCE_ACTION (ID, CREATED_BY, CREATED_DATE, DELETED, MODIFIED_BY, MODIFIED_DATE, VERSION, ID_AUTH_ACTION, ID_AUTH_RESOURCE) VALUES (61, 'ADMIN', TO_TIMESTAMP('2023-02-18 14:37:30.803000', 'YYYY-MM-DD HH24:MI:SS.FF6'), false, 'ADMIN', TO_TIMESTAMP('2023-02-18 14:37:30.803000', 'YYYY-MM-DD HH24:MI:SS.FF6'), null, 24, 19);
INSERT INTO AUTH_RESOURCE_ACTION (ID, CREATED_BY, CREATED_DATE, DELETED, MODIFIED_BY, MODIFIED_DATE, VERSION, ID_AUTH_ACTION, ID_AUTH_RESOURCE) VALUES (62, 'ADMIN', TO_TIMESTAMP('2023-02-18 14:37:31.099000', 'YYYY-MM-DD HH24:MI:SS.FF6'), false, 'ADMIN', TO_TIMESTAMP('2023-02-18 14:37:31.099000', 'YYYY-MM-DD HH24:MI:SS.FF6'), null, 25, 19);
INSERT INTO AUTH_RESOURCE_ACTION (ID, CREATED_BY, CREATED_DATE, DELETED, MODIFIED_BY, MODIFIED_DATE, VERSION, ID_AUTH_ACTION, ID_AUTH_RESOURCE) VALUES (71, 'ADMIN', TO_TIMESTAMP('2023-02-18 14:37:40.357000', 'YYYY-MM-DD HH24:MI:SS.FF6'), false, 'ADMIN', TO_TIMESTAMP('2023-02-18 14:37:40.357000', 'YYYY-MM-DD HH24:MI:SS.FF6'), null, 21, 25);
INSERT INTO AUTH_RESOURCE_ACTION (ID, CREATED_BY, CREATED_DATE, DELETED, MODIFIED_BY, MODIFIED_DATE, VERSION, ID_AUTH_ACTION, ID_AUTH_RESOURCE) VALUES (81, 'ADMIN', TO_TIMESTAMP('2023-02-18 14:37:45.315000', 'YYYY-MM-DD HH24:MI:SS.FF6'), false, 'ADMIN', TO_TIMESTAMP('2023-02-18 14:37:45.315000', 'YYYY-MM-DD HH24:MI:SS.FF6'), null, 34, 27);
INSERT INTO AUTH_RESOURCE_ACTION (ID, CREATED_BY, CREATED_DATE, DELETED, MODIFIED_BY, MODIFIED_DATE, VERSION, ID_AUTH_ACTION, ID_AUTH_RESOURCE) VALUES (82, 'ADMIN', TO_TIMESTAMP('2023-02-18 14:37:45.600000', 'YYYY-MM-DD HH24:MI:SS.FF6'), false, 'ADMIN', TO_TIMESTAMP('2023-02-18 14:37:45.600000', 'YYYY-MM-DD HH24:MI:SS.FF6'), null, 35, 27);
INSERT INTO AUTH_RESOURCE_ACTION (ID, CREATED_BY, CREATED_DATE, DELETED, MODIFIED_BY, MODIFIED_DATE, VERSION, ID_AUTH_ACTION, ID_AUTH_RESOURCE) VALUES (91, 'ADMIN', TO_TIMESTAMP('2023-02-18 14:37:50.036000', 'YYYY-MM-DD HH24:MI:SS.FF6'), false, 'ADMIN', TO_TIMESTAMP('2023-02-18 14:37:50.036000', 'YYYY-MM-DD HH24:MI:SS.FF6'), null, 23, 29);
INSERT INTO AUTH_RESOURCE_ACTION (ID, CREATED_BY, CREATED_DATE, DELETED, MODIFIED_BY, MODIFIED_DATE, VERSION, ID_AUTH_ACTION, ID_AUTH_RESOURCE) VALUES (92, 'ADMIN', TO_TIMESTAMP('2023-02-18 14:37:50.508000', 'YYYY-MM-DD HH24:MI:SS.FF6'), false, 'ADMIN', TO_TIMESTAMP('2023-02-18 14:37:50.508000', 'YYYY-MM-DD HH24:MI:SS.FF6'), null, 24, 29);
INSERT INTO AUTH_RESOURCE_ACTION (ID, CREATED_BY, CREATED_DATE, DELETED, MODIFIED_BY, MODIFIED_DATE, VERSION, ID_AUTH_ACTION, ID_AUTH_RESOURCE) VALUES (53, 'ADMIN', TO_TIMESTAMP('2023-02-18 14:37:26.004000', 'YYYY-MM-DD HH24:MI:SS.FF6'), false, 'ADMIN', TO_TIMESTAMP('2023-02-18 14:37:26.004000', 'YYYY-MM-DD HH24:MI:SS.FF6'), null, 21, 18);
INSERT INTO AUTH_RESOURCE_ACTION (ID, CREATED_BY, CREATED_DATE, DELETED, MODIFIED_BY, MODIFIED_DATE, VERSION, ID_AUTH_ACTION, ID_AUTH_RESOURCE) VALUES (54, 'ADMIN', TO_TIMESTAMP('2023-02-18 14:37:26.738000', 'YYYY-MM-DD HH24:MI:SS.FF6'), false, 'ADMIN', TO_TIMESTAMP('2023-02-18 14:37:26.738000', 'YYYY-MM-DD HH24:MI:SS.FF6'), null, 22, 18);
INSERT INTO AUTH_RESOURCE_ACTION (ID, CREATED_BY, CREATED_DATE, DELETED, MODIFIED_BY, MODIFIED_DATE, VERSION, ID_AUTH_ACTION, ID_AUTH_RESOURCE) VALUES (58, 'ADMIN', TO_TIMESTAMP('2023-02-18 14:37:29.231000', 'YYYY-MM-DD HH24:MI:SS.FF6'), false, 'ADMIN', TO_TIMESTAMP('2023-02-18 14:37:29.231000', 'YYYY-MM-DD HH24:MI:SS.FF6'), null, 21, 19);
INSERT INTO AUTH_RESOURCE_ACTION (ID, CREATED_BY, CREATED_DATE, DELETED, MODIFIED_BY, MODIFIED_DATE, VERSION, ID_AUTH_ACTION, ID_AUTH_RESOURCE) VALUES (59, 'ADMIN', TO_TIMESTAMP('2023-02-18 14:37:29.993000', 'YYYY-MM-DD HH24:MI:SS.FF6'), false, 'ADMIN', TO_TIMESTAMP('2023-02-18 14:37:29.993000', 'YYYY-MM-DD HH24:MI:SS.FF6'), null, 22, 19);
INSERT INTO AUTH_RESOURCE_ACTION (ID, CREATED_BY, CREATED_DATE, DELETED, MODIFIED_BY, MODIFIED_DATE, VERSION, ID_AUTH_ACTION, ID_AUTH_RESOURCE) VALUES (60, 'ADMIN', TO_TIMESTAMP('2023-02-18 14:37:30.298000', 'YYYY-MM-DD HH24:MI:SS.FF6'), false, 'ADMIN', TO_TIMESTAMP('2023-02-18 14:37:30.298000', 'YYYY-MM-DD HH24:MI:SS.FF6'), null, 23, 19);

INSERT INTO AUTH_ROLE_RESOURCE (ID, CREATED_BY, CREATED_DATE, DELETED, MODIFIED_BY, MODIFIED_DATE, VERSION, ID_AUTH_RESOURCE, ID_AUTH_ROLE) VALUES (101, 'ADMIN', TO_TIMESTAMP('2023-06-30 14:55:26.313000', 'YYYY-MM-DD HH24:MI:SS.FF6'), false, 'ADMIN', TO_TIMESTAMP('2023-06-30 14:55:26.313000', 'YYYY-MM-DD HH24:MI:SS.FF6'), null, 20, 22);
INSERT INTO AUTH_ROLE_RESOURCE (ID, CREATED_BY, CREATED_DATE, DELETED, MODIFIED_BY, MODIFIED_DATE, VERSION, ID_AUTH_RESOURCE, ID_AUTH_ROLE) VALUES (81, 'ADMIN', TO_TIMESTAMP('2023-06-27 20:02:33.250000', 'YYYY-MM-DD HH24:MI:SS.FF6'), false, 'ADMIN', TO_TIMESTAMP('2023-06-27 20:02:33.250000', 'YYYY-MM-DD HH24:MI:SS.FF6'), null, 61, 21);
INSERT INTO AUTH_ROLE_RESOURCE (ID, CREATED_BY, CREATED_DATE, DELETED, MODIFIED_BY, MODIFIED_DATE, VERSION, ID_AUTH_RESOURCE, ID_AUTH_ROLE) VALUES (82, 'ADMIN', TO_TIMESTAMP('2023-06-27 20:02:33.779000', 'YYYY-MM-DD HH24:MI:SS.FF6'), false, 'ADMIN', TO_TIMESTAMP('2023-06-27 20:02:33.779000', 'YYYY-MM-DD HH24:MI:SS.FF6'), null, 61, 22);
INSERT INTO AUTH_ROLE_RESOURCE (ID, CREATED_BY, CREATED_DATE, DELETED, MODIFIED_BY, MODIFIED_DATE, VERSION, ID_AUTH_RESOURCE, ID_AUTH_ROLE) VALUES (61, 'ADMIN', TO_TIMESTAMP('2023-05-12 16:06:16.871000', 'YYYY-MM-DD HH24:MI:SS.FF6'), false, 'ADMIN', TO_TIMESTAMP('2023-05-12 16:06:16.871000', 'YYYY-MM-DD HH24:MI:SS.FF6'), null, 41, 21);
INSERT INTO AUTH_ROLE_RESOURCE (ID, CREATED_BY, CREATED_DATE, DELETED, MODIFIED_BY, MODIFIED_DATE, VERSION, ID_AUTH_RESOURCE, ID_AUTH_ROLE) VALUES (62, 'ADMIN', TO_TIMESTAMP('2023-05-12 16:06:17.943000', 'YYYY-MM-DD HH24:MI:SS.FF6'), false, 'ADMIN', TO_TIMESTAMP('2023-05-12 16:06:17.943000', 'YYYY-MM-DD HH24:MI:SS.FF6'), null, 42, 21);
INSERT INTO AUTH_ROLE_RESOURCE (ID, CREATED_BY, CREATED_DATE, DELETED, MODIFIED_BY, MODIFIED_DATE, VERSION, ID_AUTH_RESOURCE, ID_AUTH_ROLE) VALUES (63, 'ADMIN', TO_TIMESTAMP('2023-05-12 16:06:17.990000', 'YYYY-MM-DD HH24:MI:SS.FF6'), false, 'ADMIN', TO_TIMESTAMP('2023-05-12 16:06:17.990000', 'YYYY-MM-DD HH24:MI:SS.FF6'), null, 42, 22);
INSERT INTO AUTH_ROLE_RESOURCE (ID, CREATED_BY, CREATED_DATE, DELETED, MODIFIED_BY, MODIFIED_DATE, VERSION, ID_AUTH_RESOURCE, ID_AUTH_ROLE) VALUES (17, 'ADMIN', TO_TIMESTAMP('2023-02-18 14:37:24.655000', 'YYYY-MM-DD HH24:MI:SS.FF6'), false, 'ADMIN', TO_TIMESTAMP('2023-02-18 14:37:24.655000', 'YYYY-MM-DD HH24:MI:SS.FF6'), null, 17, 21);
INSERT INTO AUTH_ROLE_RESOURCE (ID, CREATED_BY, CREATED_DATE, DELETED, MODIFIED_BY, MODIFIED_DATE, VERSION, ID_AUTH_RESOURCE, ID_AUTH_ROLE) VALUES (21, 'ADMIN', TO_TIMESTAMP('2023-02-18 14:37:32.780000', 'YYYY-MM-DD HH24:MI:SS.FF6'), false, 'ADMIN', TO_TIMESTAMP('2023-02-18 14:37:32.780000', 'YYYY-MM-DD HH24:MI:SS.FF6'), null, 21, 21);
INSERT INTO AUTH_ROLE_RESOURCE (ID, CREATED_BY, CREATED_DATE, DELETED, MODIFIED_BY, MODIFIED_DATE, VERSION, ID_AUTH_RESOURCE, ID_AUTH_ROLE) VALUES (22, 'ADMIN', TO_TIMESTAMP('2023-02-18 14:37:35.321000', 'YYYY-MM-DD HH24:MI:SS.FF6'), true, 'ADMIN', TO_TIMESTAMP('2023-02-18 14:37:35.321000', 'YYYY-MM-DD HH24:MI:SS.FF6'), null, 22, 21);
INSERT INTO AUTH_ROLE_RESOURCE (ID, CREATED_BY, CREATED_DATE, DELETED, MODIFIED_BY, MODIFIED_DATE, VERSION, ID_AUTH_RESOURCE, ID_AUTH_ROLE) VALUES (26, 'ADMIN', TO_TIMESTAMP('2023-02-18 14:37:41.639000', 'YYYY-MM-DD HH24:MI:SS.FF6'), false, 'ADMIN', TO_TIMESTAMP('2023-02-18 14:37:41.639000', 'YYYY-MM-DD HH24:MI:SS.FF6'), null, 26, 21);
INSERT INTO AUTH_ROLE_RESOURCE (ID, CREATED_BY, CREATED_DATE, DELETED, MODIFIED_BY, MODIFIED_DATE, VERSION, ID_AUTH_RESOURCE, ID_AUTH_ROLE) VALUES (27, 'ADMIN', TO_TIMESTAMP('2023-02-18 14:37:44.112000', 'YYYY-MM-DD HH24:MI:SS.FF6'), false, 'ADMIN', TO_TIMESTAMP('2023-02-18 14:37:44.112000', 'YYYY-MM-DD HH24:MI:SS.FF6'), null, 27, 21);
INSERT INTO AUTH_ROLE_RESOURCE (ID, CREATED_BY, CREATED_DATE, DELETED, MODIFIED_BY, MODIFIED_DATE, VERSION, ID_AUTH_RESOURCE, ID_AUTH_ROLE) VALUES (28, 'ADMIN', TO_TIMESTAMP('2023-02-18 14:37:46.684000', 'YYYY-MM-DD HH24:MI:SS.FF6'), false, 'ADMIN', TO_TIMESTAMP('2023-02-18 14:37:46.684000', 'YYYY-MM-DD HH24:MI:SS.FF6'), null, 28, 21);
INSERT INTO AUTH_ROLE_RESOURCE (ID, CREATED_BY, CREATED_DATE, DELETED, MODIFIED_BY, MODIFIED_DATE, VERSION, ID_AUTH_RESOURCE, ID_AUTH_ROLE) VALUES (29, 'ADMIN', TO_TIMESTAMP('2023-02-18 14:37:48.147000', 'YYYY-MM-DD HH24:MI:SS.FF6'), false, 'ADMIN', TO_TIMESTAMP('2023-02-18 14:37:48.147000', 'YYYY-MM-DD HH24:MI:SS.FF6'), null, 29, 21);
INSERT INTO AUTH_ROLE_RESOURCE (ID, CREATED_BY, CREATED_DATE, DELETED, MODIFIED_BY, MODIFIED_DATE, VERSION, ID_AUTH_RESOURCE, ID_AUTH_ROLE) VALUES (32, 'ADMIN', TO_TIMESTAMP('2023-02-18 14:37:52.897000', 'YYYY-MM-DD HH24:MI:SS.FF6'), false, 'ADMIN', TO_TIMESTAMP('2023-02-18 14:37:52.897000', 'YYYY-MM-DD HH24:MI:SS.FF6'), null, 32, 21);
INSERT INTO AUTH_ROLE_RESOURCE (ID, CREATED_BY, CREATED_DATE, DELETED, MODIFIED_BY, MODIFIED_DATE, VERSION, ID_AUTH_RESOURCE, ID_AUTH_ROLE) VALUES (20, 'ADMIN', TO_TIMESTAMP('2023-02-18 14:37:31.535000', 'YYYY-MM-DD HH24:MI:SS.FF6'), false, 'ADMIN', TO_TIMESTAMP('2023-02-18 14:37:31.535000', 'YYYY-MM-DD HH24:MI:SS.FF6'), null, 20, 21);
INSERT INTO AUTH_ROLE_RESOURCE (ID, CREATED_BY, CREATED_DATE, DELETED, MODIFIED_BY, MODIFIED_DATE, VERSION, ID_AUTH_RESOURCE, ID_AUTH_ROLE) VALUES (23, 'ADMIN', TO_TIMESTAMP('2023-02-18 14:37:37.401000', 'YYYY-MM-DD HH24:MI:SS.FF6'), true, 'ADMIN', TO_TIMESTAMP('2023-02-18 14:37:37.401000', 'YYYY-MM-DD HH24:MI:SS.FF6'), null, 23, 21);
INSERT INTO AUTH_ROLE_RESOURCE (ID, CREATED_BY, CREATED_DATE, DELETED, MODIFIED_BY, MODIFIED_DATE, VERSION, ID_AUTH_RESOURCE, ID_AUTH_ROLE) VALUES (24, 'ADMIN', TO_TIMESTAMP('2023-02-18 14:37:38.748000', 'YYYY-MM-DD HH24:MI:SS.FF6'), false, 'ADMIN', TO_TIMESTAMP('2023-02-18 14:37:38.748000', 'YYYY-MM-DD HH24:MI:SS.FF6'), null, 24, 21);
INSERT INTO AUTH_ROLE_RESOURCE (ID, CREATED_BY, CREATED_DATE, DELETED, MODIFIED_BY, MODIFIED_DATE, VERSION, ID_AUTH_RESOURCE, ID_AUTH_ROLE) VALUES (25, 'ADMIN', TO_TIMESTAMP('2023-02-18 14:37:39.393000', 'YYYY-MM-DD HH24:MI:SS.FF6'), false, 'ADMIN', TO_TIMESTAMP('2023-02-18 14:37:39.393000', 'YYYY-MM-DD HH24:MI:SS.FF6'), null, 25, 21);
INSERT INTO AUTH_ROLE_RESOURCE (ID, CREATED_BY, CREATED_DATE, DELETED, MODIFIED_BY, MODIFIED_DATE, VERSION, ID_AUTH_RESOURCE, ID_AUTH_ROLE) VALUES (30, 'ADMIN', TO_TIMESTAMP('2023-02-18 14:37:50.899000', 'YYYY-MM-DD HH24:MI:SS.FF6'), false, 'ADMIN', TO_TIMESTAMP('2023-02-18 14:37:50.899000', 'YYYY-MM-DD HH24:MI:SS.FF6'), null, 30, 21);
INSERT INTO AUTH_ROLE_RESOURCE (ID, CREATED_BY, CREATED_DATE, DELETED, MODIFIED_BY, MODIFIED_DATE, VERSION, ID_AUTH_RESOURCE, ID_AUTH_ROLE) VALUES (31, 'ADMIN', TO_TIMESTAMP('2023-02-18 14:37:51.528000', 'YYYY-MM-DD HH24:MI:SS.FF6'), false, 'ADMIN', TO_TIMESTAMP('2023-02-18 14:37:51.528000', 'YYYY-MM-DD HH24:MI:SS.FF6'), null, 31, 21);
INSERT INTO AUTH_ROLE_RESOURCE (ID, CREATED_BY, CREATED_DATE, DELETED, MODIFIED_BY, MODIFIED_DATE, VERSION, ID_AUTH_RESOURCE, ID_AUTH_ROLE) VALUES (18, 'ADMIN', TO_TIMESTAMP('2023-02-18 14:37:25.494000', 'YYYY-MM-DD HH24:MI:SS.FF6'), false, 'ADMIN', TO_TIMESTAMP('2023-02-18 14:37:25.494000', 'YYYY-MM-DD HH24:MI:SS.FF6'), null, 18, 21);
INSERT INTO AUTH_ROLE_RESOURCE (ID, CREATED_BY, CREATED_DATE, DELETED, MODIFIED_BY, MODIFIED_DATE, VERSION, ID_AUTH_RESOURCE, ID_AUTH_ROLE) VALUES (19, 'ADMIN', TO_TIMESTAMP('2023-02-18 14:37:28.723000', 'YYYY-MM-DD HH24:MI:SS.FF6'), false, 'ADMIN', TO_TIMESTAMP('2023-02-18 14:37:28.723000', 'YYYY-MM-DD HH24:MI:SS.FF6'), null, 19, 21);
INSERT INTO AUTH_ROLE_RESOURCE (ID, CREATED_BY, CREATED_DATE, DELETED, MODIFIED_BY, MODIFIED_DATE, VERSION, ID_AUTH_RESOURCE, ID_AUTH_ROLE) VALUES (64, 'ADMIN', TO_TIMESTAMP('2023-05-12 16:36:20.380000', 'YYYY-MM-DD HH24:MI:SS.FF6'), false, 'ADMIN', TO_TIMESTAMP('2023-05-12 16:36:20.380000', 'YYYY-MM-DD HH24:MI:SS.FF6'), null, 32, 22);
INSERT INTO AUTH_ROLE_RESOURCE (ID, CREATED_BY, CREATED_DATE, DELETED, MODIFIED_BY, MODIFIED_DATE, VERSION, ID_AUTH_RESOURCE, ID_AUTH_ROLE) VALUES (65, 'ADMIN', TO_TIMESTAMP('2023-05-12 16:36:33.149000', 'YYYY-MM-DD HH24:MI:SS.FF6'), false, 'ADMIN', TO_TIMESTAMP('2023-05-12 16:36:33.149000', 'YYYY-MM-DD HH24:MI:SS.FF6'), null, 31, 22);

INSERT INTO AUTH_PRIVILEGE (ID, CREATED_BY, CREATED_DATE, DELETED, MODIFIED_BY, MODIFIED_DATE, VERSION, ID_AUTH_ACTION, ID_AUTH_ROLE_RESOURCE) VALUES (241, 'ADMIN', TO_TIMESTAMP('2023-06-30 14:55:26.352000', 'YYYY-MM-DD HH24:MI:SS.FF6'), false, 'ADMIN', TO_TIMESTAMP('2023-06-30 14:55:26.352000', 'YYYY-MM-DD HH24:MI:SS.FF6'), null, 21, 101);
INSERT INTO AUTH_PRIVILEGE (ID, CREATED_BY, CREATED_DATE, DELETED, MODIFIED_BY, MODIFIED_DATE, VERSION, ID_AUTH_ACTION, ID_AUTH_ROLE_RESOURCE) VALUES (261, 'ADMIN', TO_TIMESTAMP('2023-07-11 11:30:58.949000', 'YYYY-MM-DD HH24:MI:SS.FF6'), false, 'ADMIN', TO_TIMESTAMP('2023-07-11 11:30:58.949000', 'YYYY-MM-DD HH24:MI:SS.FF6'), null, 22, 19);
INSERT INTO AUTH_PRIVILEGE (ID, CREATED_BY, CREATED_DATE, DELETED, MODIFIED_BY, MODIFIED_DATE, VERSION, ID_AUTH_ACTION, ID_AUTH_ROLE_RESOURCE) VALUES (61, 'ADMIN', TO_TIMESTAMP('2023-02-18 23:38:15.798000', 'YYYY-MM-DD HH24:MI:SS.FF6'), false, 'ADMIN', TO_TIMESTAMP('2023-02-18 23:38:15.798000', 'YYYY-MM-DD HH24:MI:SS.FF6'), null, 35, 27);
INSERT INTO AUTH_PRIVILEGE (ID, CREATED_BY, CREATED_DATE, DELETED, MODIFIED_BY, MODIFIED_DATE, VERSION, ID_AUTH_ACTION, ID_AUTH_ROLE_RESOURCE) VALUES (62, 'ADMIN', TO_TIMESTAMP('2023-02-18 23:38:15.935000', 'YYYY-MM-DD HH24:MI:SS.FF6'), false, 'ADMIN', TO_TIMESTAMP('2023-02-18 23:38:15.935000', 'YYYY-MM-DD HH24:MI:SS.FF6'), null, 33, 27);
INSERT INTO AUTH_PRIVILEGE (ID, CREATED_BY, CREATED_DATE, DELETED, MODIFIED_BY, MODIFIED_DATE, VERSION, ID_AUTH_ACTION, ID_AUTH_ROLE_RESOURCE) VALUES (63, 'ADMIN', TO_TIMESTAMP('2023-02-18 23:38:16.095000', 'YYYY-MM-DD HH24:MI:SS.FF6'), false, 'ADMIN', TO_TIMESTAMP('2023-02-18 23:38:16.095000', 'YYYY-MM-DD HH24:MI:SS.FF6'), null, 37, 27);
INSERT INTO AUTH_PRIVILEGE (ID, CREATED_BY, CREATED_DATE, DELETED, MODIFIED_BY, MODIFIED_DATE, VERSION, ID_AUTH_ACTION, ID_AUTH_ROLE_RESOURCE) VALUES (64, 'ADMIN', TO_TIMESTAMP('2023-02-18 23:38:16.220000', 'YYYY-MM-DD HH24:MI:SS.FF6'), false, 'ADMIN', TO_TIMESTAMP('2023-02-18 23:38:16.220000', 'YYYY-MM-DD HH24:MI:SS.FF6'), null, 34, 27);
INSERT INTO AUTH_PRIVILEGE (ID, CREATED_BY, CREATED_DATE, DELETED, MODIFIED_BY, MODIFIED_DATE, VERSION, ID_AUTH_ACTION, ID_AUTH_ROLE_RESOURCE) VALUES (65, 'ADMIN', TO_TIMESTAMP('2023-02-18 23:38:16.338000', 'YYYY-MM-DD HH24:MI:SS.FF6'), false, 'ADMIN', TO_TIMESTAMP('2023-02-18 23:38:16.338000', 'YYYY-MM-DD HH24:MI:SS.FF6'), null, 36, 27);
INSERT INTO AUTH_PRIVILEGE (ID, CREATED_BY, CREATED_DATE, DELETED, MODIFIED_BY, MODIFIED_DATE, VERSION, ID_AUTH_ACTION, ID_AUTH_ROLE_RESOURCE) VALUES (201, 'ADMIN', TO_TIMESTAMP('2023-06-27 20:02:33.514000', 'YYYY-MM-DD HH24:MI:SS.FF6'), false, 'ADMIN', TO_TIMESTAMP('2023-06-27 20:02:33.514000', 'YYYY-MM-DD HH24:MI:SS.FF6'), null, 21, 81);
INSERT INTO AUTH_PRIVILEGE (ID, CREATED_BY, CREATED_DATE, DELETED, MODIFIED_BY, MODIFIED_DATE, VERSION, ID_AUTH_ACTION, ID_AUTH_ROLE_RESOURCE) VALUES (202, 'ADMIN', TO_TIMESTAMP('2023-06-27 20:02:34.629000', 'YYYY-MM-DD HH24:MI:SS.FF6'), false, 'ADMIN', TO_TIMESTAMP('2023-06-27 20:02:34.629000', 'YYYY-MM-DD HH24:MI:SS.FF6'), null, 21, 82);
INSERT INTO AUTH_PRIVILEGE (ID, CREATED_BY, CREATED_DATE, DELETED, MODIFIED_BY, MODIFIED_DATE, VERSION, ID_AUTH_ACTION, ID_AUTH_ROLE_RESOURCE) VALUES (221, 'ADMIN', TO_TIMESTAMP('2023-06-28 12:00:37.040000', 'YYYY-MM-DD HH24:MI:SS.FF6'), false, 'ADMIN', TO_TIMESTAMP('2023-06-28 12:00:37.040000', 'YYYY-MM-DD HH24:MI:SS.FF6'), null, 32, 81);
INSERT INTO AUTH_PRIVILEGE (ID, CREATED_BY, CREATED_DATE, DELETED, MODIFIED_BY, MODIFIED_DATE, VERSION, ID_AUTH_ACTION, ID_AUTH_ROLE_RESOURCE) VALUES (161, 'ADMIN', TO_TIMESTAMP('2023-05-12 16:06:16.971000', 'YYYY-MM-DD HH24:MI:SS.FF6'), false, 'ADMIN', TO_TIMESTAMP('2023-05-12 16:06:16.971000', 'YYYY-MM-DD HH24:MI:SS.FF6'), null, 21, 61);
INSERT INTO AUTH_PRIVILEGE (ID, CREATED_BY, CREATED_DATE, DELETED, MODIFIED_BY, MODIFIED_DATE, VERSION, ID_AUTH_ACTION, ID_AUTH_ROLE_RESOURCE) VALUES (162, 'ADMIN', TO_TIMESTAMP('2023-05-12 16:06:17.963000', 'YYYY-MM-DD HH24:MI:SS.FF6'), false, 'ADMIN', TO_TIMESTAMP('2023-05-12 16:06:17.963000', 'YYYY-MM-DD HH24:MI:SS.FF6'), null, 21, 62);
INSERT INTO AUTH_PRIVILEGE (ID, CREATED_BY, CREATED_DATE, DELETED, MODIFIED_BY, MODIFIED_DATE, VERSION, ID_AUTH_ACTION, ID_AUTH_ROLE_RESOURCE) VALUES (163, 'ADMIN', TO_TIMESTAMP('2023-05-12 16:06:17.980000', 'YYYY-MM-DD HH24:MI:SS.FF6'), false, 'ADMIN', TO_TIMESTAMP('2023-05-12 16:06:17.980000', 'YYYY-MM-DD HH24:MI:SS.FF6'), null, 32, 62);
INSERT INTO AUTH_PRIVILEGE (ID, CREATED_BY, CREATED_DATE, DELETED, MODIFIED_BY, MODIFIED_DATE, VERSION, ID_AUTH_ACTION, ID_AUTH_ROLE_RESOURCE) VALUES (164, 'ADMIN', TO_TIMESTAMP('2023-05-12 16:06:18.002000', 'YYYY-MM-DD HH24:MI:SS.FF6'), false, 'ADMIN', TO_TIMESTAMP('2023-05-12 16:06:18.002000', 'YYYY-MM-DD HH24:MI:SS.FF6'), null, 21, 63);
INSERT INTO AUTH_PRIVILEGE (ID, CREATED_BY, CREATED_DATE, DELETED, MODIFIED_BY, MODIFIED_DATE, VERSION, ID_AUTH_ACTION, ID_AUTH_ROLE_RESOURCE) VALUES (181, 'ADMIN', TO_TIMESTAMP('2023-05-16 09:15:47.909000', 'YYYY-MM-DD HH24:MI:SS.FF6'), false, 'ADMIN', TO_TIMESTAMP('2023-05-16 09:15:47.909000', 'YYYY-MM-DD HH24:MI:SS.FF6'), null, 22, 26);
INSERT INTO AUTH_PRIVILEGE (ID, CREATED_BY, CREATED_DATE, DELETED, MODIFIED_BY, MODIFIED_DATE, VERSION, ID_AUTH_ACTION, ID_AUTH_ROLE_RESOURCE) VALUES (182, 'ADMIN', TO_TIMESTAMP('2023-05-16 09:15:47.931000', 'YYYY-MM-DD HH24:MI:SS.FF6'), false, 'ADMIN', TO_TIMESTAMP('2023-05-16 09:15:47.931000', 'YYYY-MM-DD HH24:MI:SS.FF6'), null, 23, 26);
INSERT INTO AUTH_PRIVILEGE (ID, CREATED_BY, CREATED_DATE, DELETED, MODIFIED_BY, MODIFIED_DATE, VERSION, ID_AUTH_ACTION, ID_AUTH_ROLE_RESOURCE) VALUES (37, 'ADMIN', TO_TIMESTAMP('2023-02-18 15:04:41.545000', 'YYYY-MM-DD HH24:MI:SS.FF6'), false, 'ADMIN', TO_TIMESTAMP('2023-02-18 15:04:41.545000', 'YYYY-MM-DD HH24:MI:SS.FF6'), null, 23, 25);
INSERT INTO AUTH_PRIVILEGE (ID, CREATED_BY, CREATED_DATE, DELETED, MODIFIED_BY, MODIFIED_DATE, VERSION, ID_AUTH_ACTION, ID_AUTH_ROLE_RESOURCE) VALUES (38, 'ADMIN', TO_TIMESTAMP('2023-02-18 15:04:41.652000', 'YYYY-MM-DD HH24:MI:SS.FF6'), false, 'ADMIN', TO_TIMESTAMP('2023-02-18 15:04:41.652000', 'YYYY-MM-DD HH24:MI:SS.FF6'), null, 22, 25);
INSERT INTO AUTH_PRIVILEGE (ID, CREATED_BY, CREATED_DATE, DELETED, MODIFIED_BY, MODIFIED_DATE, VERSION, ID_AUTH_ACTION, ID_AUTH_ROLE_RESOURCE) VALUES (39, 'ADMIN', TO_TIMESTAMP('2023-02-18 15:04:41.758000', 'YYYY-MM-DD HH24:MI:SS.FF6'), false, 'ADMIN', TO_TIMESTAMP('2023-02-18 15:04:41.758000', 'YYYY-MM-DD HH24:MI:SS.FF6'), null, 28, 25);
INSERT INTO AUTH_PRIVILEGE (ID, CREATED_BY, CREATED_DATE, DELETED, MODIFIED_BY, MODIFIED_DATE, VERSION, ID_AUTH_ACTION, ID_AUTH_ROLE_RESOURCE) VALUES (22, 'ADMIN', TO_TIMESTAMP('2023-02-18 14:37:31.786000', 'YYYY-MM-DD HH24:MI:SS.FF6'), false, 'ADMIN', TO_TIMESTAMP('2023-02-18 14:37:31.786000', 'YYYY-MM-DD HH24:MI:SS.FF6'), null, 21, 20);
INSERT INTO AUTH_PRIVILEGE (ID, CREATED_BY, CREATED_DATE, DELETED, MODIFIED_BY, MODIFIED_DATE, VERSION, ID_AUTH_ACTION, ID_AUTH_ROLE_RESOURCE) VALUES (23, 'ADMIN', TO_TIMESTAMP('2023-02-18 14:37:33.232000', 'YYYY-MM-DD HH24:MI:SS.FF6'), false, 'ADMIN', TO_TIMESTAMP('2023-02-18 14:37:33.232000', 'YYYY-MM-DD HH24:MI:SS.FF6'), null, 21, 21);
INSERT INTO AUTH_PRIVILEGE (ID, CREATED_BY, CREATED_DATE, DELETED, MODIFIED_BY, MODIFIED_DATE, VERSION, ID_AUTH_ACTION, ID_AUTH_ROLE_RESOURCE) VALUES (24, 'ADMIN', TO_TIMESTAMP('2023-02-18 14:37:33.723000', 'YYYY-MM-DD HH24:MI:SS.FF6'), false, 'ADMIN', TO_TIMESTAMP('2023-02-18 14:37:33.723000', 'YYYY-MM-DD HH24:MI:SS.FF6'), null, 27, 21);
INSERT INTO AUTH_PRIVILEGE (ID, CREATED_BY, CREATED_DATE, DELETED, MODIFIED_BY, MODIFIED_DATE, VERSION, ID_AUTH_ACTION, ID_AUTH_ROLE_RESOURCE) VALUES (25, 'ADMIN', TO_TIMESTAMP('2023-02-18 14:37:35.555000', 'YYYY-MM-DD HH24:MI:SS.FF6'), false, 'ADMIN', TO_TIMESTAMP('2023-02-18 14:37:35.555000', 'YYYY-MM-DD HH24:MI:SS.FF6'), null, 21, 22);
INSERT INTO AUTH_PRIVILEGE (ID, CREATED_BY, CREATED_DATE, DELETED, MODIFIED_BY, MODIFIED_DATE, VERSION, ID_AUTH_ACTION, ID_AUTH_ROLE_RESOURCE) VALUES (26, 'ADMIN', TO_TIMESTAMP('2023-02-18 14:37:35.787000', 'YYYY-MM-DD HH24:MI:SS.FF6'), false, 'ADMIN', TO_TIMESTAMP('2023-02-18 14:37:35.787000', 'YYYY-MM-DD HH24:MI:SS.FF6'), null, 32, 22);
INSERT INTO AUTH_PRIVILEGE (ID, CREATED_BY, CREATED_DATE, DELETED, MODIFIED_BY, MODIFIED_DATE, VERSION, ID_AUTH_ACTION, ID_AUTH_ROLE_RESOURCE) VALUES (30, 'ADMIN', TO_TIMESTAMP('2023-02-18 14:37:42.081000', 'YYYY-MM-DD HH24:MI:SS.FF6'), false, 'ADMIN', TO_TIMESTAMP('2023-02-18 14:37:42.081000', 'YYYY-MM-DD HH24:MI:SS.FF6'), null, 21, 26);
INSERT INTO AUTH_PRIVILEGE (ID, CREATED_BY, CREATED_DATE, DELETED, MODIFIED_BY, MODIFIED_DATE, VERSION, ID_AUTH_ACTION, ID_AUTH_ROLE_RESOURCE) VALUES (31, 'ADMIN', TO_TIMESTAMP('2023-02-18 14:37:44.340000', 'YYYY-MM-DD HH24:MI:SS.FF6'), false, 'ADMIN', TO_TIMESTAMP('2023-02-18 14:37:44.340000', 'YYYY-MM-DD HH24:MI:SS.FF6'), null, 21, 27);
INSERT INTO AUTH_PRIVILEGE (ID, CREATED_BY, CREATED_DATE, DELETED, MODIFIED_BY, MODIFIED_DATE, VERSION, ID_AUTH_ACTION, ID_AUTH_ROLE_RESOURCE) VALUES (32, 'ADMIN', TO_TIMESTAMP('2023-02-18 14:37:46.933000', 'YYYY-MM-DD HH24:MI:SS.FF6'), false, 'ADMIN', TO_TIMESTAMP('2023-02-18 14:37:46.933000', 'YYYY-MM-DD HH24:MI:SS.FF6'), null, 21, 28);
INSERT INTO AUTH_PRIVILEGE (ID, CREATED_BY, CREATED_DATE, DELETED, MODIFIED_BY, MODIFIED_DATE, VERSION, ID_AUTH_ACTION, ID_AUTH_ROLE_RESOURCE) VALUES (33, 'ADMIN', TO_TIMESTAMP('2023-02-18 14:37:48.367000', 'YYYY-MM-DD HH24:MI:SS.FF6'), false, 'ADMIN', TO_TIMESTAMP('2023-02-18 14:37:48.367000', 'YYYY-MM-DD HH24:MI:SS.FF6'), null, 21, 29);
INSERT INTO AUTH_PRIVILEGE (ID, CREATED_BY, CREATED_DATE, DELETED, MODIFIED_BY, MODIFIED_DATE, VERSION, ID_AUTH_ACTION, ID_AUTH_ROLE_RESOURCE) VALUES (35, 'ADMIN', TO_TIMESTAMP('2023-02-18 14:37:51.743000', 'YYYY-MM-DD HH24:MI:SS.FF6'), false, 'ADMIN', TO_TIMESTAMP('2023-02-18 14:37:51.743000', 'YYYY-MM-DD HH24:MI:SS.FF6'), null, 21, 31);
INSERT INTO AUTH_PRIVILEGE (ID, CREATED_BY, CREATED_DATE, DELETED, MODIFIED_BY, MODIFIED_DATE, VERSION, ID_AUTH_ACTION, ID_AUTH_ROLE_RESOURCE) VALUES (36, 'ADMIN', TO_TIMESTAMP('2023-02-18 14:37:53.115000', 'YYYY-MM-DD HH24:MI:SS.FF6'), false, 'ADMIN', TO_TIMESTAMP('2023-02-18 14:37:53.115000', 'YYYY-MM-DD HH24:MI:SS.FF6'), null, 21, 32);
INSERT INTO AUTH_PRIVILEGE (ID, CREATED_BY, CREATED_DATE, DELETED, MODIFIED_BY, MODIFIED_DATE, VERSION, ID_AUTH_ACTION, ID_AUTH_ROLE_RESOURCE) VALUES (101, 'ADMIN', TO_TIMESTAMP('2023-04-10 14:03:29.494000', 'YYYY-MM-DD HH24:MI:SS.FF6'), false, 'ADMIN', TO_TIMESTAMP('2023-04-10 14:03:29.494000', 'YYYY-MM-DD HH24:MI:SS.FF6'), null, 38, 25);
INSERT INTO AUTH_PRIVILEGE (ID, CREATED_BY, CREATED_DATE, DELETED, MODIFIED_BY, MODIFIED_DATE, VERSION, ID_AUTH_ACTION, ID_AUTH_ROLE_RESOURCE) VALUES (41, 'ADMIN', TO_TIMESTAMP('2023-02-18 15:44:29.218000', 'YYYY-MM-DD HH24:MI:SS.FF6'), false, 'ADMIN', TO_TIMESTAMP('2023-02-18 15:44:29.218000', 'YYYY-MM-DD HH24:MI:SS.FF6'), null, 23, 23);
INSERT INTO AUTH_PRIVILEGE (ID, CREATED_BY, CREATED_DATE, DELETED, MODIFIED_BY, MODIFIED_DATE, VERSION, ID_AUTH_ACTION, ID_AUTH_ROLE_RESOURCE) VALUES (27, 'ADMIN', TO_TIMESTAMP('2023-02-18 14:37:37.613000', 'YYYY-MM-DD HH24:MI:SS.FF6'), false, 'ADMIN', TO_TIMESTAMP('2023-02-18 14:37:37.613000', 'YYYY-MM-DD HH24:MI:SS.FF6'), null, 21, 23);
INSERT INTO AUTH_PRIVILEGE (ID, CREATED_BY, CREATED_DATE, DELETED, MODIFIED_BY, MODIFIED_DATE, VERSION, ID_AUTH_ACTION, ID_AUTH_ROLE_RESOURCE) VALUES (28, 'ADMIN', TO_TIMESTAMP('2023-02-18 14:37:38.966000', 'YYYY-MM-DD HH24:MI:SS.FF6'), false, 'ADMIN', TO_TIMESTAMP('2023-02-18 14:37:38.966000', 'YYYY-MM-DD HH24:MI:SS.FF6'), null, 21, 24);
INSERT INTO AUTH_PRIVILEGE (ID, CREATED_BY, CREATED_DATE, DELETED, MODIFIED_BY, MODIFIED_DATE, VERSION, ID_AUTH_ACTION, ID_AUTH_ROLE_RESOURCE) VALUES (29, 'ADMIN', TO_TIMESTAMP('2023-02-18 14:37:40.055000', 'YYYY-MM-DD HH24:MI:SS.FF6'), false, 'ADMIN', TO_TIMESTAMP('2023-02-18 14:37:40.055000', 'YYYY-MM-DD HH24:MI:SS.FF6'), null, 21, 25);
INSERT INTO AUTH_PRIVILEGE (ID, CREATED_BY, CREATED_DATE, DELETED, MODIFIED_BY, MODIFIED_DATE, VERSION, ID_AUTH_ACTION, ID_AUTH_ROLE_RESOURCE) VALUES (34, 'ADMIN', TO_TIMESTAMP('2023-02-18 14:37:51.113000', 'YYYY-MM-DD HH24:MI:SS.FF6'), false, 'ADMIN', TO_TIMESTAMP('2023-02-18 14:37:51.113000', 'YYYY-MM-DD HH24:MI:SS.FF6'), null, 21, 30);
INSERT INTO AUTH_PRIVILEGE (ID, CREATED_BY, CREATED_DATE, DELETED, MODIFIED_BY, MODIFIED_DATE, VERSION, ID_AUTH_ACTION, ID_AUTH_ROLE_RESOURCE) VALUES (40, 'ADMIN', TO_TIMESTAMP('2023-02-18 15:04:50.605000', 'YYYY-MM-DD HH24:MI:SS.FF6'), false, 'ADMIN', TO_TIMESTAMP('2023-02-18 15:04:50.605000', 'YYYY-MM-DD HH24:MI:SS.FF6'), null, 31, 31);
INSERT INTO AUTH_PRIVILEGE (ID, CREATED_BY, CREATED_DATE, DELETED, MODIFIED_BY, MODIFIED_DATE, VERSION, ID_AUTH_ACTION, ID_AUTH_ROLE_RESOURCE) VALUES (81, 'ADMIN', TO_TIMESTAMP('2023-02-27 15:46:18.742000', 'YYYY-MM-DD HH24:MI:SS.FF6'), false, 'ADMIN', TO_TIMESTAMP('2023-02-27 15:46:18.742000', 'YYYY-MM-DD HH24:MI:SS.FF6'), null, 23, 29);
INSERT INTO AUTH_PRIVILEGE (ID, CREATED_BY, CREATED_DATE, DELETED, MODIFIED_BY, MODIFIED_DATE, VERSION, ID_AUTH_ACTION, ID_AUTH_ROLE_RESOURCE) VALUES (82, 'ADMIN', TO_TIMESTAMP('2023-02-27 15:46:18.750000', 'YYYY-MM-DD HH24:MI:SS.FF6'), false, 'ADMIN', TO_TIMESTAMP('2023-02-27 15:46:18.750000', 'YYYY-MM-DD HH24:MI:SS.FF6'), null, 24, 29);
INSERT INTO AUTH_PRIVILEGE (ID, CREATED_BY, CREATED_DATE, DELETED, MODIFIED_BY, MODIFIED_DATE, VERSION, ID_AUTH_ACTION, ID_AUTH_ROLE_RESOURCE) VALUES (83, 'ADMIN', TO_TIMESTAMP('2023-02-27 15:46:18.752000', 'YYYY-MM-DD HH24:MI:SS.FF6'), false, 'ADMIN', TO_TIMESTAMP('2023-02-27 15:46:18.752000', 'YYYY-MM-DD HH24:MI:SS.FF6'), null, 22, 29);
INSERT INTO AUTH_PRIVILEGE (ID, CREATED_BY, CREATED_DATE, DELETED, MODIFIED_BY, MODIFIED_DATE, VERSION, ID_AUTH_ACTION, ID_AUTH_ROLE_RESOURCE) VALUES (19, 'ADMIN', TO_TIMESTAMP('2023-02-18 14:37:25.089000', 'YYYY-MM-DD HH24:MI:SS.FF6'), false, 'ADMIN', TO_TIMESTAMP('2023-02-18 14:37:25.089000', 'YYYY-MM-DD HH24:MI:SS.FF6'), null, 21, 17);
INSERT INTO AUTH_PRIVILEGE (ID, CREATED_BY, CREATED_DATE, DELETED, MODIFIED_BY, MODIFIED_DATE, VERSION, ID_AUTH_ACTION, ID_AUTH_ROLE_RESOURCE) VALUES (20, 'ADMIN', TO_TIMESTAMP('2023-02-18 14:37:25.722000', 'YYYY-MM-DD HH24:MI:SS.FF6'), false, 'ADMIN', TO_TIMESTAMP('2023-02-18 14:37:25.722000', 'YYYY-MM-DD HH24:MI:SS.FF6'), null, 21, 18);
INSERT INTO AUTH_PRIVILEGE (ID, CREATED_BY, CREATED_DATE, DELETED, MODIFIED_BY, MODIFIED_DATE, VERSION, ID_AUTH_ACTION, ID_AUTH_ROLE_RESOURCE) VALUES (21, 'ADMIN', TO_TIMESTAMP('2023-02-18 14:37:28.954000', 'YYYY-MM-DD HH24:MI:SS.FF6'), false, 'ADMIN', TO_TIMESTAMP('2023-02-18 14:37:28.954000', 'YYYY-MM-DD HH24:MI:SS.FF6'), null, 21, 19);
INSERT INTO AUTH_PRIVILEGE (ID, CREATED_BY, CREATED_DATE, DELETED, MODIFIED_BY, MODIFIED_DATE, VERSION, ID_AUTH_ACTION, ID_AUTH_ROLE_RESOURCE) VALUES (165, 'ADMIN', TO_TIMESTAMP('2023-05-12 16:36:20.394000', 'YYYY-MM-DD HH24:MI:SS.FF6'), false, 'ADMIN', TO_TIMESTAMP('2023-05-12 16:36:20.394000', 'YYYY-MM-DD HH24:MI:SS.FF6'), null, 21, 64);
INSERT INTO AUTH_PRIVILEGE (ID, CREATED_BY, CREATED_DATE, DELETED, MODIFIED_BY, MODIFIED_DATE, VERSION, ID_AUTH_ACTION, ID_AUTH_ROLE_RESOURCE) VALUES (167, 'ADMIN', TO_TIMESTAMP('2023-05-12 16:36:33.150000', 'YYYY-MM-DD HH24:MI:SS.FF6'), false, 'ADMIN', TO_TIMESTAMP('2023-05-12 16:36:33.150000', 'YYYY-MM-DD HH24:MI:SS.FF6'), null, 21, 65);
INSERT INTO AUTH_PRIVILEGE (ID, CREATED_BY, CREATED_DATE, DELETED, MODIFIED_BY, MODIFIED_DATE, VERSION, ID_AUTH_ACTION, ID_AUTH_ROLE_RESOURCE) VALUES (168, 'ADMIN', TO_TIMESTAMP('2023-05-12 16:36:33.152000', 'YYYY-MM-DD HH24:MI:SS.FF6'), false, 'ADMIN', TO_TIMESTAMP('2023-05-12 16:36:33.152000', 'YYYY-MM-DD HH24:MI:SS.FF6'), null, 31, 65);
INSERT INTO AUTH_PRIVILEGE (ID, CREATED_BY, CREATED_DATE, DELETED, MODIFIED_BY, MODIFIED_DATE, VERSION, ID_AUTH_ACTION, ID_AUTH_ROLE_RESOURCE) VALUES (170, 'ADMIN', TO_TIMESTAMP('2023-05-12 16:46:53.151000', 'YYYY-MM-DD HH24:MI:SS.FF6'), false, 'ADMIN', TO_TIMESTAMP('2023-05-12 16:46:53.151000', 'YYYY-MM-DD HH24:MI:SS.FF6'), null, 23, 61);
INSERT INTO AUTH_PRIVILEGE (ID, CREATED_BY, CREATED_DATE, DELETED, MODIFIED_BY, MODIFIED_DATE, VERSION, ID_AUTH_ACTION, ID_AUTH_ROLE_RESOURCE) VALUES (183, 'ADMIN', TO_TIMESTAMP('2023-05-16 09:16:04.552000', 'YYYY-MM-DD HH24:MI:SS.FF6'), false, 'ADMIN', TO_TIMESTAMP('2023-05-16 09:16:04.552000', 'YYYY-MM-DD HH24:MI:SS.FF6'), null, 22, 28);
INSERT INTO AUTH_PRIVILEGE (ID, CREATED_BY, CREATED_DATE, DELETED, MODIFIED_BY, MODIFIED_DATE, VERSION, ID_AUTH_ACTION, ID_AUTH_ROLE_RESOURCE) VALUES (121, 'ADMIN', TO_TIMESTAMP('2023-04-10 15:41:18.395000', 'YYYY-MM-DD HH24:MI:SS.FF6'), false, 'ADMIN', TO_TIMESTAMP('2023-04-10 15:41:18.395000', 'YYYY-MM-DD HH24:MI:SS.FF6'), null, 30, 25);